1,1,794,213,184,129,1,-1,-1,-1
1,2,687,414,168,86,1,-1,-1,-1
1,3,699,519,170,104,1,-1,-1,-1
1,4,630,472,179,104,1,-1,-1,-1
1,5,188,185,289,131,1,-1,-1,-1
1,6,375,430,292,155,1,-1,-1,-1
1,7,476,278,240,199,1,-1,-1,-1
1,8,428,163,159,290,1,-1,-1,-1
10,1,759,177,209,160,1,-1,-1,-1
10,5,172,126,283,143,1,-1,-1,-1
10,9,266,478,312,122,1,-1,-1,-1
10,10,292,354,334,147,1,-1,-1,-1
10,11,258,252,296,226,1,-1,-1,-1
13,9,183,494,374,147,1,-1,-1,-1
13,12,180,392,357,179,1,-1,-1,-1
13,11,211,277,331,179,1,-1,-1,-1
19,13,700,511,170,104,1,-1,-1,-1
19,14,174,89,256,182,1,-1,-1,-1
19,9,245,474,321,197,1,-1,-1,-1
19,12,168,403,276,259,1,-1,-1,-1
19,11,211,251,331,205,1,-1,-1,-1
28,15,759,148,180,220,1,-1,-1,-1
28,14,174,61,242,232,1,-1,-1,-1
28,9,325,458,321,197,1,-1,-1,-1
28,12,208,383,219,329,1,-1,-1,-1
28,11,211,203,311,250,1,-1,-1,-1
37,14,174,61,276,232,1,-1,-1,-1
37,9,350,403,314,197,1,-1,-1,-1
37,12,204,368,217,224,1,-1,-1,-1
37,11,231,204,311,250,1,-1,-1,-1
46,14,174,61,264,254,1,-1,-1,-1
46,12,153,371,269,221,1,-1,-1,-1
46,11,301,176,226,299,1,-1,-1,-1
61,16,734,148,205,248,1,-1,-1,-1
61,12,153,371,289,221,1,-1,-1,-1
76,17,174,37,228,278,1,-1,-1,-1
76,18,432,382,232,219,1,-1,-1,-1
79,19,722,146,176,266,1,-1,-1,-1
85,19,691,164,225,240,1,-1,-1,-1
88,19,672,183,223,231,1,-1,-1,-1
91,19,598,202,274,155,1,-1,-1,-1
91,20,174,37,242,278,1,-1,-1,-1
91,21,459,344,205,256,1,-1,-1,-1
91,22,153,371,334,221,1,-1,-1,-1
91,23,292,122,205,299,1,-1,-1,-1
94,19,557,189,256,176,1,-1,-1,-1
97,19,529,184,250,197,1,-1,-1,-1
100,19,504,184,243,218,1,-1,-1,-1
103,19,508,175,203,239,1,-1,-1,-1
103,24,459,396,205,205,1,-1,-1,-1
103,25,334,145,205,297,1,-1,-1,-1
115,26,408,284,254,216,1,-1,-1,-1
115,24,374,447,290,154,1,-1,-1,-1
115,27,153,371,306,221,1,-1,-1,-1
115,25,349,156,205,299,1,-1,-1,-1
127,26,378,337,254,177,1,-1,-1,-1
127,28,174,37,213,295,1,-1,-1,-1
127,24,372,450,290,152,1,-1,-1,-1
127,27,153,371,262,221,1,-1,-1,-1
127,29,392,164,295,224,1,-1,-1,-1
136,26,330,303,260,235,1,-1,-1,-1
136,30,659,408,196,92,1,-1,-1,-1
136,24,365,458,290,154,1,-1,-1,-1
136,27,153,267,186,325,1,-1,-1,-1
136,31,524,229,294,170,1,-1,-1,-1
151,26,325,249,212,294,1,-1,-1,-1
151,32,186,9,226,276,1,-1,-1,-1
151,24,287,470,329,162,1,-1,-1,-1
151,27,153,267,214,302,1,-1,-1,-1
151,31,531,238,261,186,1,-1,-1,-1
154,26,309,279,212,306,1,-1,-1,-1
154,24,338,436,254,209,1,-1,-1,-1
154,27,134,258,212,364,1,-1,-1,-1
154,31,523,232,260,186,1,-1,-1,-1
160,26,295,306,176,322,1,-1,-1,-1
166,26,248,338,266,283,1,-1,-1,-1
166,33,369,299,182,325,1,-1,-1,-1
166,34,134,258,184,364,1,-1,-1,-1
169,26,274,386,249,208,1,-1,-1,-1
169,33,373,365,262,176,1,-1,-1,-1
169,34,137,240,185,329,1,-1,-1,-1
181,26,274,290,195,269,1,-1,-1,-1
181,34,137,240,189,329,1,-1,-1,-1
187,26,304,292,195,320,1,-1,-1,-1
187,35,176,10,226,276,1,-1,-1,-1
187,36,429,370,232,176,1,-1,-1,-1
187,37,145,202,335,180,1,-1,-1,-1
187,38,523,232,207,249,1,-1,-1,-1
196,26,304,292,195,267,1,-1,-1,-1
196,35,176,10,243,260,1,-1,-1,-1
196,39,534,403,232,177,1,-1,-1,-1
196,40,253,110,279,231,1,-1,-1,-1
196,38,543,232,230,249,1,-1,-1,-1
199,26,267,304,217,267,1,-1,-1,-1
199,41,661,362,232,127,1,-1,-1,-1
199,40,284,86,279,231,1,-1,-1,-1
199,38,570,238,236,151,1,-1,-1,-1
205,26,235,303,266,245,1,-1,-1,-1
205,41,714,346,232,127,1,-1,-1,-1
205,38,645,243,261,151,1,-1,-1,-1
211,26,240,325,244,267,1,-1,-1,-1
211,41,798,346,155,202,1,-1,-1,-1
211,42,289,85,279,249,1,-1,-1,-1
211,38,713,244,261,151,1,-1,-1,-1
220,26,240,350,313,197,1,-1,-1,-1
220,43,176,10,243,328,1,-1,-1,-1
220,42,315,131,330,226,1,-1,-1,-1
220,38,716,231,261,141,1,-1,-1,-1
229,26,325,324,313,197,1,-1,-1,-1
229,44,802,339,155,202,1,-1,-1,-1
229,45,474,121,279,250,1,-1,-1,-1
232,26,397,302,266,212,1,-1,-1,-1
235,26,478,271,220,228,1,-1,-1,-1
238,26,542,260,184,243,1,-1,-1,-1
238,46,474,121,279,182,1,-1,-1,-1
238,47,743,245,261,141,1,-1,-1,-1
241,26,569,235,173,243,1,-1,-1,-1
241,46,537,106,280,182,1,-1,-1,-1
241,47,747,241,261,146,1,-1,-1,-1
244,26,596,218,191,217,1,-1,-1,-1
247,26,622,229,281,163,1,-1,-1,-1
247,48,659,383,212,128,1,-1,-1,-1
247,49,663,146,255,117,1,-1,-1,-1
247,50,756,289,261,106,1,-1,-1,-1
250,51,765,221,219,110,1,-1,-1,-1
250,48,659,366,212,145,1,-1,-1,-1
250,52,785,159,255,114,1,-1,-1,-1
250,50,756,289,261,126,1,-1,-1,-1
253,53,898,241,187,156,1,-1,-1,-1
253,54,696,285,212,196,1,-1,-1,-1
253,55,630,455,239,121,1,-1,-1,-1
253,56,802,339,155,274,1,-1,-1,-1
253,57,903,179,224,120,1,-1,-1,-1
253,58,899,321,186,185,1,-1,-1,-1
256,53,975,219,120,178,1,-1,-1,-1
256,59,793,287,187,135,1,-1,-1,-1
256,55,630,419,188,220,1,-1,-1,-1
256,56,817,386,207,166,1,-1,-1,-1
256,60,1039,242,153,163,1,-1,-1,-1
256,58,928,298,150,227,1,-1,-1,-1
259,59,856,276,170,181,1,-1,-1,-1
259,61,760,468,186,161,1,-1,-1,-1
259,62,903,437,207,125,1,-1,-1,-1
259,60,1058,242,153,192,1,-1,-1,-1
259,58,967,285,112,201,1,-1,-1,-1
262,59,858,276,170,203,1,-1,-1,-1
262,61,780,433,186,193,1,-1,-1,-1
262,63,623,405,188,238,1,-1,-1,-1
262,62,929,437,181,125,1,-1,-1,-1
262,60,1041,249,132,192,1,-1,-1,-1
265,61,780,401,186,225,1,-1,-1,-1
265,62,976,408,181,184,1,-1,-1,-1
268,64,602,405,188,238,1,-1,-1,-1
268,62,986,394,181,182,1,-1,-1,-1
271,65,965,219,130,189,1,-1,-1,-1
274,66,591,401,188,238,1,-1,-1,-1
277,67,851,273,170,157,1,-1,-1,-1
277,68,1026,276,132,176,1,-1,-1,-1
277,69,946,289,112,202,1,-1,-1,-1
280,70,940,219,155,117,1,-1,-1,-1
280,67,821,275,170,157,1,-1,-1,-1
280,71,780,401,147,225,1,-1,-1,-1
280,72,529,371,217,238,1,-1,-1,-1
280,68,988,309,146,159,1,-1,-1,-1
280,69,893,299,165,186,1,-1,-1,-1
283,70,905,219,199,117,1,-1,-1,-1
283,67,777,280,210,157,1,-1,-1,-1
283,72,443,346,261,228,1,-1,-1,-1
283,73,974,403,146,184,1,-1,-1,-1
283,68,951,342,146,160,1,-1,-1,-1
283,69,883,343,165,152,1,-1,-1,-1
286,70,876,213,199,117,1,-1,-1,-1
286,67,721,269,217,157,1,-1,-1,-1
286,74,775,398,147,225,1,-1,-1,-1
286,72,361,321,295,228,1,-1,-1,-1
286,73,974,442,146,145,1,-1,-1,-1
286,68,913,371,155,160,1,-1,-1,-1
286,69,847,343,167,152,1,-1,-1,-1
289,75,764,215,215,117,1,-1,-1,-1
289,67,652,281,232,157,1,-1,-1,-1
289,72,296,318,310,228,1,-1,-1,-1
289,76,844,413,155,134,1,-1,-1,-1
289,69,784,348,182,152,1,-1,-1,-1
292,77,658,200,259,117,1,-1,-1,-1
292,67,567,277,232,157,1,-1,-1,-1
292,78,736,452,186,171,1,-1,-1,-1
292,72,278,304,310,228,1,-1,-1,-1
292,79,935,417,151,145,1,-1,-1,-1
292,76,785,413,214,134,1,-1,-1,-1
292,69,715,333,215,152,1,-1,-1,-1
295,77,610,181,259,117,1,-1,-1,-1
295,80,477,230,255,157,1,-1,-1,-1
295,78,663,472,259,151,1,-1,-1,-1
295,72,275,299,310,228,1,-1,-1,-1
295,81,897,373,155,150,1,-1,-1,-1
295,82,679,392,214,135,1,-1,-1,-1
295,69,627,320,239,151,1,-1,-1,-1
298,77,594,181,259,117,1,-1,-1,-1
298,80,376,219,312,157,1,-1,-1,-1
298,78,651,469,259,151,1,-1,-1,-1
298,72,275,319,310,208,1,-1,-1,-1
298,81,829,340,200,151,1,-1,-1,-1
298,82,576,406,246,117,1,-1,-1,-1
298,69,532,341,265,150,1,-1,-1,-1
301,77,590,177,259,173,1,-1,-1,-1
301,80,248,235,359,157,1,-1,-1,-1
301,78,629,465,259,151,1,-1,-1,-1
301,83,216,365,288,262,1,-1,-1,-1
301,81,771,323,225,151,1,-1,-1,-1
301,84,347,465,340,151,1,-1,-1,-1
301,85,346,392,301,162,1,-1,-1,-1
304,77,590,162,246,228,1,-1,-1,-1
304,80,185,220,359,193,1,-1,-1,-1
304,83,153,360,247,350,1,-1,-1,-1
304,86,176,10,243,276,1,-1,-1,-1
304,81,717,327,240,151,1,-1,-1,-1
304,84,265,495,340,151,1,-1,-1,-1
304,85,313,385,300,176,1,-1,-1,-1
307,83,123,363,247,353,1,-1,-1,-1
307,81,689,323,239,151,1,-1,-1,-1
307,84,230,495,375,184,1,-1,-1,-1
307,85,280,385,332,176,1,-1,-1,-1
313,87,539,317,250,151,1,-1,-1,-1
313,84,234,482,375,185,1,-1,-1,-1
316,88,185,220,359,205,1,-1,-1,-1
316,89,637,453,259,151,1,-1,-1,-1
316,87,510,290,265,169,1,-1,-1,-1
319,88,187,212,359,205,1,-1,-1,-1
319,90,306,348,334,177,1,-1,-1,-1
325,91,545,269,222,202,1,-1,-1,-1
325,92,231,451,376,185,1,-1,-1,-1
325,93,394,218,235,281,1,-1,-1,-1
328,94,187,199,306,234,1,-1,-1,-1
328,91,545,269,222,281,1,-1,-1,-1
328,93,391,105,236,356,1,-1,-1,-1
331,95,680,413,216,191,1,-1,-1,-1
331,91,527,308,224,281,1,-1,-1,-1
331,93,393,68,235,356,1,-1,-1,-1
337,96,605,173,207,228,1,-1,-1,-1
337,97,191,187,340,212,1,-1,-1,-1
337,91,583,355,196,245,1,-1,-1,-1
337,98,225,432,375,185,1,-1,-1,-1
337,93,413,31,235,286,1,-1,-1,-1
343,99,701,428,216,191,1,-1,-1,-1
343,100,176,55,243,276,1,-1,-1,-1
343,91,631,374,196,207,1,-1,-1,-1
343,93,414,28,235,286,1,-1,-1,-1
346,101,620,199,231,219,1,-1,-1,-1
349,101,658,228,239,203,1,-1,-1,-1
349,102,185,251,303,185,1,-1,-1,-1
349,103,674,449,225,170,1,-1,-1,-1
349,104,176,112,306,224,1,-1,-1,-1
349,105,719,365,196,164,1,-1,-1,-1
349,106,383,28,266,274,1,-1,-1,-1
355,107,771,284,176,256,1,-1,-1,-1
355,103,644,462,225,170,1,-1,-1,-1
355,105,742,382,196,190,1,-1,-1,-1
361,108,846,365,139,256,1,-1,-1,-1
361,109,162,140,306,224,1,-1,-1,-1
361,110,383,28,299,274,1,-1,-1,-1
367,108,801,447,184,174,1,-1,-1,-1
367,111,174,317,303,185,1,-1,-1,-1
367,112,607,438,225,170,1,-1,-1,-1
367,109,167,231,306,180,1,-1,-1,-1
367,110,338,28,344,274,1,-1,-1,-1
373,108,800,447,185,174,1,-1,-1,-1
373,111,155,348,303,162,1,-1,-1,-1
373,113,465,335,270,184,1,-1,-1,-1
373,114,123,461,297,255,1,-1,-1,-1
373,115,739,337,196,221,1,-1,-1,-1
373,110,314,16,342,249,1,-1,-1,-1
379,108,753,466,215,135,1,-1,-1,-1
379,113,494,279,184,285,1,-1,-1,-1
379,114,123,502,297,190,1,-1,-1,-1
379,115,700,339,206,221,1,-1,-1,-1
379,116,225,432,347,185,1,-1,-1,-1
379,110,190,11,401,231,1,-1,-1,-1
385,108,696,469,234,135,1,-1,-1,-1
385,113,506,293,184,285,1,-1,-1,-1
385,114,185,518,297,166,1,-1,-1,-1
385,115,642,352,257,145,1,-1,-1,-1
385,116,207,425,349,184,1,-1,-1,-1
385,110,179,3,401,230,1,-1,-1,-1
391,108,676,480,234,135,1,-1,-1,-1
391,114,185,518,331,166,1,-1,-1,-1
391,115,622,286,200,206,1,-1,-1,-1
391,116,179,425,376,184,1,-1,-1,-1
397,108,661,468,252,135,1,-1,-1,-1
397,114,272,484,331,166,1,-1,-1,-1
397,117,166,240,306,180,1,-1,-1,-1
397,116,164,438,345,159,1,-1,-1,-1
403,108,674,429,231,180,1,-1,-1,-1
403,118,155,348,338,182,1,-1,-1,-1
403,119,506,330,184,258,1,-1,-1,-1
403,114,349,484,254,166,1,-1,-1,-1
403,117,166,240,336,181,1,-1,-1,-1
403,120,494,266,292,146,1,-1,-1,-1
403,116,163,444,345,157,1,-1,-1,-1
409,108,679,396,231,231,1,-1,-1,-1
409,121,442,235,227,252,1,-1,-1,-1
409,122,181,15,347,230,1,-1,-1,-1
415,108,680,379,231,231,1,-1,-1,-1
415,121,427,242,227,254,1,-1,-1,-1
415,122,181,15,294,281,1,-1,-1,-1
421,123,311,484,272,166,1,-1,-1,-1
421,124,166,219,336,165,1,-1,-1,-1
427,125,520,329,184,258,1,-1,-1,-1
433,126,678,375,198,212,1,-1,-1,-1
433,125,520,329,184,217,1,-1,-1,-1
433,127,376,481,272,166,1,-1,-1,-1
433,128,431,224,227,252,1,-1,-1,-1
433,129,164,436,345,159,1,-1,-1,-1
436,130,643,312,211,182,1,-1,-1,-1
439,130,635,301,232,151,1,-1,-1,-1
439,131,534,333,184,217,1,-1,-1,-1
439,132,432,480,272,166,1,-1,-1,-1
445,130,629,276,224,151,1,-1,-1,-1
445,133,522,455,272,166,1,-1,-1,-1
445,134,181,54,294,184,1,-1,-1,-1
451,130,614,272,224,151,1,-1,-1,-1
451,135,525,333,193,205,1,-1,-1,-1
451,133,524,455,272,166,1,-1,-1,-1
451,136,163,221,336,165,1,-1,-1,-1
451,134,180,76,292,185,1,-1,-1,-1
457,130,614,272,248,151,1,-1,-1,-1
457,135,525,361,254,139,1,-1,-1,-1
457,137,427,225,227,252,1,-1,-1,-1
457,138,164,436,345,221,1,-1,-1,-1
457,134,179,101,292,185,1,-1,-1,-1
463,130,614,257,248,174,1,-1,-1,-1
463,139,642,387,254,139,1,-1,-1,-1
463,140,553,455,272,166,1,-1,-1,-1
463,141,161,228,336,165,1,-1,-1,-1
463,137,399,285,227,252,1,-1,-1,-1
463,134,178,34,294,279,1,-1,-1,-1
469,130,609,248,248,174,1,-1,-1,-1
469,139,715,397,187,173,1,-1,-1,-1
469,140,621,358,151,263,1,-1,-1,-1
469,141,162,246,336,165,1,-1,-1,-1
469,137,399,323,227,257,1,-1,-1,-1
469,134,173,16,294,299,1,-1,-1,-1
475,130,539,215,284,158,1,-1,-1,-1
475,142,156,340,338,182,1,-1,-1,-1
475,139,708,396,187,173,1,-1,-1,-1
475,140,576,327,158,263,1,-1,-1,-1
475,137,399,383,227,197,1,-1,-1,-1
481,143,432,158,302,162,1,-1,-1,-1
481,139,713,393,187,173,1,-1,-1,-1
481,140,550,347,158,263,1,-1,-1,-1
481,137,401,402,227,197,1,-1,-1,-1
487,144,313,42,328,252,1,-1,-1,-1
487,139,705,393,195,213,1,-1,-1,-1
487,145,167,205,336,204,1,-1,-1,-1
487,146,164,436,297,221,1,-1,-1,-1
493,144,298,21,328,252,1,-1,-1,-1
499,144,295,1,328,252,1,-1,-1,-1
499,147,705,393,195,220,1,-1,-1,-1
499,148,173,16,316,299,1,-1,-1,-1
505,144,282,7,328,226,1,-1,-1,-1
505,147,683,409,228,220,1,-1,-1,-1
511,147,672,422,228,220,1,-1,-1,-1
517,149,258,7,352,207,1,-1,-1,-1
523,149,287,21,352,207,1,-1,-1,-1
523,150,135,443,297,220,1,-1,-1,-1
529,149,362,55,352,207,1,-1,-1,-1
529,151,308,435,307,196,1,-1,-1,-1
529,150,135,443,297,244,1,-1,-1,-1
535,152,444,95,202,368,1,-1,-1,-1
535,153,689,419,228,220,1,-1,-1,-1
535,154,541,358,158,263,1,-1,-1,-1
541,152,435,104,202,368,1,-1,-1,-1
541,154,533,359,158,263,1,-1,-1,-1
541,155,265,438,306,232,1,-1,-1,-1
547,156,365,278,226,282,1,-1,-1,-1
547,154,524,359,167,263,1,-1,-1,-1
547,157,135,443,242,244,1,-1,-1,-1
553,158,249,399,262,243,1,-1,-1,-1
559,159,220,329,338,182,1,-1,-1,-1
559,158,315,453,256,191,1,-1,-1,-1
559,160,135,399,169,287,1,-1,-1,-1
565,161,207,426,262,243,1,-1,-1,-1
565,159,220,329,338,151,1,-1,-1,-1
565,162,698,409,228,220,1,-1,-1,-1
565,163,554,323,167,263,1,-1,-1,-1
565,158,354,405,295,215,1,-1,-1,-1
571,158,385,377,279,215,1,-1,-1,-1
571,164,277,40,226,297,1,-1,-1,-1
577,165,565,321,167,263,1,-1,-1,-1
577,166,351,21,255,257,1,-1,-1,-1
583,167,207,412,262,257,1,-1,-1,-1
583,168,220,315,338,151,1,-1,-1,-1
583,169,170,176,336,169,1,-1,-1,-1
583,170,373,420,279,175,1,-1,-1,-1
583,166,382,65,301,200,1,-1,-1,-1
589,167,207,380,262,332,1,-1,-1,-1
589,166,395,67,301,200,1,-1,-1,-1
595,171,167,182,336,168,1,-1,-1,-1
601,172,211,337,206,306,1,-1,-1,-1
601,173,227,293,338,151,1,-1,-1,-1
601,174,707,396,228,220,1,-1,-1,-1
601,175,560,343,167,263,1,-1,-1,-1
601,171,141,150,336,168,1,-1,-1,-1
601,176,364,422,279,175,1,-1,-1,-1
607,174,704,396,228,220,1,-1,-1,-1
607,171,141,112,336,206,1,-1,-1,-1
613,177,196,289,338,151,1,-1,-1,-1
613,174,672,343,228,220,1,-1,-1,-1
613,171,141,110,336,207,1,-1,-1,-1
613,178,135,368,169,319,1,-1,-1,-1
619,179,216,360,206,248,1,-1,-1,-1
619,180,630,236,228,247,1,-1,-1,-1
619,181,543,365,167,263,1,-1,-1,-1
619,171,141,93,336,225,1,-1,-1,-1
619,182,364,401,279,196,1,-1,-1,-1
619,183,435,76,301,201,1,-1,-1,-1
625,184,196,251,338,189,1,-1,-1,-1
625,180,622,202,228,247,1,-1,-1,-1
625,171,137,78,336,224,1,-1,-1,-1
625,183,450,79,301,200,1,-1,-1,-1
631,180,619,192,228,247,1,-1,-1,-1
637,185,214,450,275,206,1,-1,-1,-1
637,186,137,78,336,238,1,-1,-1,-1
637,187,353,400,279,196,1,-1,-1,-1
643,188,636,166,228,247,1,-1,-1,-1
649,189,138,126,336,238,1,-1,-1,-1
649,190,352,385,280,196,1,-1,-1,-1
655,191,633,149,228,247,1,-1,-1,-1
655,190,336,381,280,196,1,-1,-1,-1
661,192,207,470,275,206,1,-1,-1,-1
661,193,196,303,338,137,1,-1,-1,-1
661,194,541,364,167,263,1,-1,-1,-1
661,195,155,198,336,182,1,-1,-1,-1
661,196,135,359,169,355,1,-1,-1,-1
667,192,204,493,275,206,1,-1,-1,-1
667,193,202,313,338,164,1,-1,-1,-1
667,197,626,134,228,247,1,-1,-1,-1
667,195,150,222,336,182,1,-1,-1,-1
667,198,255,387,344,196,1,-1,-1,-1
673,192,201,497,275,206,1,-1,-1,-1
673,197,611,135,228,247,1,-1,-1,-1
673,198,247,393,345,169,1,-1,-1,-1
673,199,135,304,169,410,1,-1,-1,-1
673,200,490,79,261,200,1,-1,-1,-1
679,201,214,309,338,164,1,-1,-1,-1
679,202,147,184,336,183,1,-1,-1,-1
679,198,247,393,310,169,1,-1,-1,-1
679,199,127,278,170,410,1,-1,-1,-1
685,203,311,405,275,230,1,-1,-1,-1
685,201,220,306,338,164,1,-1,-1,-1
685,198,247,393,280,169,1,-1,-1,-1
685,204,485,86,261,201,1,-1,-1,-1
691,205,448,280,182,347,1,-1,-1,-1
691,203,222,294,338,164,1,-1,-1,-1
691,206,611,135,228,270,1,-1,-1,-1
691,201,351,368,176,256,1,-1,-1,-1
691,204,485,86,219,270,1,-1,-1,-1
694,203,232,294,263,251,1,-1,-1,-1
697,207,467,209,182,308,1,-1,-1,-1
697,203,241,294,258,249,1,-1,-1,-1
697,208,611,135,228,314,1,-1,-1,-1
697,209,610,381,192,205,1,-1,-1,-1
697,210,427,340,176,280,1,-1,-1,-1
703,207,441,168,182,308,1,-1,-1,-1
703,203,241,294,193,347,1,-1,-1,-1
703,208,611,192,228,257,1,-1,-1,-1
703,209,610,381,241,157,1,-1,-1,-1
703,211,146,176,336,183,1,-1,-1,-1
703,212,520,462,287,172,1,-1,-1,-1
703,213,539,86,165,324,1,-1,-1,-1
709,208,611,291,228,158,1,-1,-1,-1
709,209,613,378,241,157,1,-1,-1,-1
709,211,131,138,336,182,1,-1,-1,-1
709,214,647,458,287,172,1,-1,-1,-1
715,215,389,214,241,238,1,-1,-1,-1
715,209,603,405,241,163,1,-1,-1,-1
715,211,129,100,336,182,1,-1,-1,-1
715,214,649,455,287,171,1,-1,-1,-1
715,216,539,86,165,276,1,-1,-1,-1
721,215,389,214,263,238,1,-1,-1,-1
721,217,241,320,193,321,1,-1,-1,-1
721,218,480,346,250,158,1,-1,-1,-1
721,209,639,348,160,269,1,-1,-1,-1
721,219,127,320,170,367,1,-1,-1,-1
721,216,512,86,192,247,1,-1,-1,-1
727,215,433,219,263,195,1,-1,-1,-1
727,217,267,309,193,321,1,-1,-1,-1
727,218,521,369,250,158,1,-1,-1,-1
727,220,702,298,160,269,1,-1,-1,-1
727,221,129,52,306,229,1,-1,-1,-1
727,222,807,363,191,225,1,-1,-1,-1
727,219,127,282,221,406,1,-1,-1,-1
727,216,512,86,225,229,1,-1,-1,-1
733,215,402,197,284,169,1,-1,-1,-1
733,217,267,395,267,207,1,-1,-1,-1
733,218,434,342,282,175,1,-1,-1,-1
733,220,693,288,160,269,1,-1,-1,-1
733,222,808,348,191,225,1,-1,-1,-1
733,219,127,259,226,429,1,-1,-1,-1
733,216,354,96,335,221,1,-1,-1,-1
739,215,394,214,284,169,1,-1,-1,-1
739,217,294,353,240,292,1,-1,-1,-1
739,218,436,330,295,175,1,-1,-1,-1
739,220,601,290,211,227,1,-1,-1,-1
739,223,745,296,191,186,1,-1,-1,-1
739,216,336,104,336,201,1,-1,-1,-1
745,215,358,211,284,169,1,-1,-1,-1
745,217,328,352,206,315,1,-1,-1,-1
745,218,448,337,295,175,1,-1,-1,-1
745,220,578,264,211,227,1,-1,-1,-1
745,223,705,292,191,186,1,-1,-1,-1
751,215,344,203,284,169,1,-1,-1,-1
751,217,316,353,206,315,1,-1,-1,-1
751,218,421,338,295,175,1,-1,-1,-1
751,220,566,256,211,227,1,-1,-1,-1
751,223,690,292,191,186,1,-1,-1,-1
751,224,310,101,335,185,1,-1,-1,-1
757,215,340,203,284,169,1,-1,-1,-1
757,218,421,315,273,188,1,-1,-1,-1
757,220,562,251,211,227,1,-1,-1,-1
757,225,124,57,306,230,1,-1,-1,-1
757,223,681,291,191,186,1,-1,-1,-1
757,224,304,87,335,194,1,-1,-1,-1
763,215,320,204,284,184,1,-1,-1,-1
763,226,316,346,206,322,1,-1,-1,-1
763,218,423,317,273,188,1,-1,-1,-1
763,223,671,293,191,186,1,-1,-1,-1
763,224,290,86,335,206,1,-1,-1,-1
769,215,300,215,301,189,1,-1,-1,-1
769,218,436,325,273,188,1,-1,-1,-1
769,227,550,253,211,227,1,-1,-1,-1
769,223,680,282,191,186,1,-1,-1,-1
775,215,293,213,301,189,1,-1,-1,-1
775,218,445,320,273,188,1,-1,-1,-1
775,227,503,261,241,165,1,-1,-1,-1
775,223,677,281,191,211,1,-1,-1,-1
775,228,282,97,335,206,1,-1,-1,-1
781,227,491,255,241,165,1,-1,-1,-1
781,223,674,281,191,232,1,-1,-1,-1
787,229,446,304,273,188,1,-1,-1,-1
787,227,494,248,241,165,1,-1,-1,-1
787,230,127,259,249,429,1,-1,-1,-1
787,231,273,76,335,229,1,-1,-1,-1
793,232,297,194,301,189,1,-1,-1,-1
793,233,329,325,206,322,1,-1,-1,-1
793,229,443,301,273,188,1,-1,-1,-1
793,227,513,226,241,165,1,-1,-1,-1
793,234,124,57,257,230,1,-1,-1,-1
793,235,682,354,220,187,1,-1,-1,-1
793,230,135,249,274,302,1,-1,-1,-1
799,232,304,185,301,189,1,-1,-1,-1
799,234,124,12,232,330,1,-1,-1,-1
799,235,681,378,221,189,1,-1,-1,-1
799,230,135,323,296,229,1,-1,-1,-1
799,236,268,69,335,234,1,-1,-1,-1
805,232,368,126,220,248,1,-1,-1,-1
805,237,488,209,241,165,1,-1,-1,-1
805,234,124,12,232,347,1,-1,-1,-1
805,235,709,404,220,187,1,-1,-1,-1
805,236,268,69,304,234,1,-1,-1,-1
811,238,361,317,206,322,1,-1,-1,-1
811,239,446,286,273,188,1,-1,-1,-1
811,237,495,184,241,165,1,-1,-1,-1
811,235,727,448,220,189,1,-1,-1,-1
811,236,268,69,279,251,1,-1,-1,-1
817,240,372,123,220,248,1,-1,-1,-1
817,237,495,178,241,171,1,-1,-1,-1
817,235,720,461,220,189,1,-1,-1,-1
817,241,126,331,297,230,1,-1,-1,-1
817,236,268,47,299,274,1,-1,-1,-1
823,242,361,317,253,322,1,-1,-1,-1
823,237,485,168,241,184,1,-1,-1,-1
823,235,720,438,220,211,1,-1,-1,-1
829,242,361,336,255,303,1,-1,-1,-1
829,237,485,131,221,221,1,-1,-1,-1
829,243,126,359,297,280,1,-1,-1,-1
829,244,268,47,279,274,1,-1,-1,-1
835,245,387,119,220,248,1,-1,-1,-1
835,242,361,336,255,267,1,-1,-1,-1
835,246,447,293,273,188,1,-1,-1,-1
835,237,479,131,201,221,1,-1,-1,-1
835,247,741,438,200,211,1,-1,-1,-1
835,243,126,326,297,314,1,-1,-1,-1
835,244,311,63,272,274,1,-1,-1,-1
841,242,307,303,255,267,1,-1,-1,-1
841,246,433,291,273,188,1,-1,-1,-1
841,243,126,326,240,314,1,-1,-1,-1
841,244,285,63,297,252,1,-1,-1,-1
847,248,382,118,220,248,1,-1,-1,-1
847,242,314,323,265,274,1,-1,-1,-1
847,246,405,288,273,188,1,-1,-1,-1
847,249,741,396,200,254,1,-1,-1,-1
847,243,126,350,240,355,1,-1,-1,-1
847,244,268,63,255,264,1,-1,-1,-1
853,248,344,126,230,248,1,-1,-1,-1
853,242,300,341,265,274,1,-1,-1,-1
853,246,386,288,292,188,1,-1,-1,-1
853,250,472,136,201,221,1,-1,-1,-1
853,251,521,396,273,159,1,-1,-1,-1
853,244,268,46,255,310,1,-1,-1,-1
859,252,207,178,322,221,1,-1,-1,-1
859,242,267,373,274,219,1,-1,-1,-1
859,246,283,273,324,188,1,-1,-1,-1
859,250,470,132,201,221,1,-1,-1,-1
859,253,124,12,223,367,1,-1,-1,-1
859,254,361,362,305,159,1,-1,-1,-1
859,255,117,361,240,356,1,-1,-1,-1
859,244,234,37,279,294,1,-1,-1,-1
865,252,188,175,322,189,1,-1,-1,-1
865,242,241,400,274,159,1,-1,-1,-1
865,246,265,295,324,130,1,-1,-1,-1
865,250,454,125,230,221,1,-1,-1,-1
865,253,144,1,223,368,1,-1,-1,-1
865,254,311,358,306,159,1,-1,-1,-1
865,244,211,37,251,294,1,-1,-1,-1
871,252,188,196,322,152,1,-1,-1,-1
871,242,241,418,274,159,1,-1,-1,-1
871,246,246,289,324,130,1,-1,-1,-1
871,250,437,133,230,221,1,-1,-1,-1
871,253,183,1,223,268,1,-1,-1,-1
871,254,249,335,324,159,1,-1,-1,-1
871,256,117,361,170,356,1,-1,-1,-1
871,244,251,35,251,241,1,-1,-1,-1
877,242,220,367,297,214,1,-1,-1,-1
877,246,242,285,324,130,1,-1,-1,-1
877,253,183,21,269,247,1,-1,-1,-1
877,244,251,35,320,241,1,-1,-1,-1
883,257,188,195,322,152,1,-1,-1,-1
883,242,223,420,331,167,1,-1,-1,-1
883,246,228,279,324,130,1,-1,-1,-1
883,253,183,21,269,234,1,-1,-1,-1
883,244,206,85,327,206,1,-1,-1,-1
889,257,188,182,296,165,1,-1,-1,-1
889,242,293,451,331,167,1,-1,-1,-1
889,253,183,21,225,234,1,-1,-1,-1
889,258,112,352,170,355,1,-1,-1,-1
889,244,204,60,309,234,1,-1,-1,-1
895,257,218,162,296,265,1,-1,-1,-1
895,242,433,449,258,167,1,-1,-1,-1
895,259,282,277,324,154,1,-1,-1,-1
895,260,490,120,193,253,1,-1,-1,-1
895,253,183,21,144,346,1,-1,-1,-1
895,261,267,380,325,159,1,-1,-1,-1
895,244,207,78,277,234,1,-1,-1,-1
901,257,279,179,226,265,1,-1,-1,-1
901,262,508,324,197,260,1,-1,-1,-1
901,259,326,244,278,227,1,-1,-1,-1
901,260,547,128,193,253,1,-1,-1,-1
901,253,150,43,143,388,1,-1,-1,-1
901,261,289,388,324,186,1,-1,-1,-1
901,263,120,395,170,321,1,-1,-1,-1
901,244,226,78,181,359,1,-1,-1,-1
907,257,233,209,242,277,1,-1,-1,-1
907,264,401,130,247,260,1,-1,-1,-1
907,259,326,273,278,198,1,-1,-1,-1
907,261,289,425,324,149,1,-1,-1,-1
913,257,260,276,233,231,1,-1,-1,-1
913,264,365,105,247,260,1,-1,-1,-1
913,259,337,314,278,221,1,-1,-1,-1
913,265,150,62,143,387,1,-1,-1,-1
913,261,281,460,325,149,1,-1,-1,-1
913,266,224,118,181,359,1,-1,-1,-1
919,257,282,285,233,231,1,-1,-1,-1
919,264,321,126,247,260,1,-1,-1,-1
919,259,309,332,278,221,1,-1,-1,-1
919,265,155,174,144,315,1,-1,-1,-1
919,261,281,467,354,172,1,-1,-1,-1
919,267,120,450,215,266,1,-1,-1,-1
919,266,224,148,181,329,1,-1,-1,-1
925,264,308,141,247,260,1,-1,-1,-1
925,259,309,348,278,205,1,-1,-1,-1
925,268,547,128,193,275,1,-1,-1,-1
925,261,317,468,354,172,1,-1,-1,-1
925,266,213,155,181,329,1,-1,-1,-1
931,269,343,277,172,239,1,-1,-1,-1
931,264,282,142,158,346,1,-1,-1,-1
931,259,383,348,197,219,1,-1,-1,-1
931,270,125,167,144,338,1,-1,-1,-1
931,261,325,469,352,172,1,-1,-1,-1
931,271,120,488,232,229,1,-1,-1,-1
931,266,205,167,156,370,1,-1,-1,-1
937,269,354,288,172,239,1,-1,-1,-1
937,264,271,188,178,346,1,-1,-1,-1
937,259,397,348,183,234,1,-1,-1,-1
937,272,547,128,193,275,1,-1,-1,-1
937,270,125,167,144,362,1,-1,-1,-1
937,273,542,386,226,172,1,-1,-1,-1
937,271,120,488,242,229,1,-1,-1,-1
943,264,287,194,178,346,1,-1,-1,-1
943,259,418,326,183,263,1,-1,-1,-1
943,274,381,178,274,204,1,-1,-1,-1
943,275,212,168,155,370,1,-1,-1,-1
949,276,366,334,172,276,1,-1,-1,-1
949,264,304,274,178,281,1,-1,-1,-1
949,259,440,350,183,263,1,-1,-1,-1
949,277,190,60,360,204,1,-1,-1,-1
949,275,229,168,161,370,1,-1,-1,-1
955,276,368,351,201,250,1,-1,-1,-1
955,264,304,274,178,258,1,-1,-1,-1
955,259,454,345,194,263,1,-1,-1,-1
955,277,170,53,360,204,1,-1,-1,-1
961,264,269,274,236,258,1,-1,-1,-1
961,259,424,345,224,263,1,-1,-1,-1
961,278,125,167,184,362,1,-1,-1,-1
961,279,170,53,174,329,1,-1,-1,-1
961,280,290,70,161,344,1,-1,-1,-1
967,264,275,294,236,242,1,-1,-1,-1
967,281,575,141,193,275,1,-1,-1,-1
967,279,211,119,175,327,1,-1,-1,-1
967,280,323,31,206,345,1,-1,-1,-1
973,282,368,351,215,250,1,-1,-1,-1
973,264,275,294,243,242,1,-1,-1,-1
973,283,124,120,184,360,1,-1,-1,-1
973,279,211,152,175,329,1,-1,-1,-1
973,280,323,59,270,316,1,-1,-1,-1
979,282,239,293,277,242,1,-1,-1,-1
979,264,424,376,224,232,1,-1,-1,-1
979,283,121,18,183,360,1,-1,-1,-1
979,279,219,119,174,327,1,-1,-1,-1
979,280,323,59,269,316,1,-1,-1,-1
985,282,344,351,239,250,1,-1,-1,-1
985,264,224,293,292,242,1,-1,-1,-1
985,283,138,20,183,393,1,-1,-1,-1
991,284,194,136,206,329,1,-1,-1,-1
997,285,335,354,244,238,1,-1,-1,-1
997,286,229,286,292,242,1,-1,-1,-1
997,287,411,376,237,232,1,-1,-1,-1
997,288,138,20,183,347,1,-1,-1,-1
1003,285,330,352,256,238,1,-1,-1,-1
1003,286,229,286,292,225,1,-1,-1,-1
1003,287,432,368,237,202,1,-1,-1,-1
1003,288,170,1,183,319,1,-1,-1,-1
1003,289,120,473,242,244,1,-1,-1,-1
1009,285,298,360,276,202,1,-1,-1,-1
1009,286,229,286,310,206,1,-1,-1,-1
1009,287,401,380,264,202,1,-1,-1,-1
1009,290,194,179,206,292,1,-1,-1,-1
1009,289,120,461,242,256,1,-1,-1,-1
1009,291,365,59,226,305,1,-1,-1,-1
1015,285,301,355,276,202,1,-1,-1,-1
1015,287,404,375,264,202,1,-1,-1,-1
1015,292,152,21,183,319,1,-1,-1,-1
1021,293,230,281,310,207,1,-1,-1,-1
1021,287,375,389,277,202,1,-1,-1,-1
1021,294,194,165,206,306,1,-1,-1,-1
1021,295,120,452,242,265,1,-1,-1,-1
1027,293,229,272,310,207,1,-1,-1,-1
1027,287,371,389,281,202,1,-1,-1,-1
1027,294,177,140,206,306,1,-1,-1,-1
1027,295,120,434,242,282,1,-1,-1,-1
1027,296,390,61,226,306,1,-1,-1,-1
1033,287,301,355,276,189,1,-1,-1,-1
1033,297,593,119,193,275,1,-1,-1,-1
1033,294,217,83,206,319,1,-1,-1,-1
1033,295,120,400,205,316,1,-1,-1,-1
1039,287,371,386,281,214,1,-1,-1,-1
1039,298,144,49,184,319,1,-1,-1,-1
1039,299,401,64,227,274,1,-1,-1,-1
1045,300,284,355,293,189,1,-1,-1,-1
1051,301,125,91,184,319,1,-1,-1,-1
1057,302,312,442,319,208,1,-1,-1,-1
1057,301,128,109,183,352,1,-1,-1,-1
1063,303,284,364,293,180,1,-1,-1,-1
1063,304,229,272,310,192,1,-1,-1,-1
1063,302,287,479,319,183,1,-1,-1,-1
1063,305,592,114,193,275,1,-1,-1,-1
1063,301,131,139,183,352,1,-1,-1,-1
1063,306,214,94,206,317,1,-1,-1,-1
1063,307,120,440,205,276,1,-1,-1,-1
1069,303,281,364,297,180,1,-1,-1,-1
1069,302,270,466,319,159,1,-1,-1,-1
1069,301,131,160,183,330,1,-1,-1,-1
1069,306,214,94,206,306,1,-1,-1,-1
1075,302,260,466,319,159,1,-1,-1,-1
1075,301,134,179,184,330,1,-1,-1,-1
1075,306,214,77,206,324,1,-1,-1,-1
1081,308,229,267,310,197,1,-1,-1,-1
1087,309,214,60,206,340,1,-1,-1,-1
1093,309,209,12,206,340,1,-1,-1,-1
1099,310,229,259,310,205,1,-1,-1,-1
1099,311,132,187,183,332,1,-1,-1,-1
1111,310,274,242,265,222,1,-1,-1,-1
1111,311,146,209,183,330,1,-1,-1,-1
1111,312,213,24,206,357,1,-1,-1,-1
1111,313,448,102,227,275,1,-1,-1,-1
1117,310,279,233,265,222,1,-1,-1,-1
1117,312,217,62,206,385,1,-1,-1,-1
1117,313,465,128,226,274,1,-1,-1,-1
1123,310,332,183,265,222,1,-1,-1,-1
1123,313,498,129,199,274,1,-1,-1,-1
1129,314,281,361,297,183,1,-1,-1,-1
1129,310,330,114,265,222,1,-1,-1,-1
1129,315,254,477,319,159,1,-1,-1,-1
1129,316,146,209,167,330,1,-1,-1,-1
1129,317,139,407,205,309,1,-1,-1,-1
1129,313,504,144,199,274,1,-1,-1,-1
1135,310,297,55,290,222,1,-1,-1,-1
1135,318,607,106,258,213,1,-1,-1,-1
1135,317,139,380,219,335,1,-1,-1,-1
1141,310,282,26,292,251,1,-1,-1,-1
1141,319,252,467,319,159,1,-1,-1,-1
1141,318,536,76,258,213,1,-1,-1,-1
1141,320,146,226,167,314,1,-1,-1,-1
1141,321,217,82,206,345,1,-1,-1,-1
1141,322,555,254,221,235,1,-1,-1,-1
1147,323,279,360,297,183,1,-1,-1,-1
1147,310,208,16,345,182,1,-1,-1,-1
1147,319,240,485,319,159,1,-1,-1,-1
1147,324,443,131,258,213,1,-1,-1,-1
1147,321,201,67,206,345,1,-1,-1,-1
1147,325,172,316,220,336,1,-1,-1,-1
1147,322,602,284,221,235,1,-1,-1,-1
1153,323,248,393,297,183,1,-1,-1,-1
1153,310,191,20,240,182,1,-1,-1,-1
1153,319,244,483,319,159,1,-1,-1,-1
1153,324,402,136,258,213,1,-1,-1,-1
1153,321,134,261,167,367,1,-1,-1,-1
1153,325,201,120,206,291,1,-1,-1,-1
1153,326,244,286,305,185,1,-1,-1,-1
1159,323,246,392,297,183,1,-1,-1,-1
1159,327,155,7,176,352,1,-1,-1,-1
1159,319,240,489,319,159,1,-1,-1,-1
1159,324,424,100,236,237,1,-1,-1,-1
1159,321,134,302,167,362,1,-1,-1,-1
1159,325,246,145,206,322,1,-1,-1,-1
1159,326,324,298,305,184,1,-1,-1,-1
1165,328,179,144,176,402,1,-1,-1,-1
1165,319,239,506,319,152,1,-1,-1,-1
1165,324,483,98,184,277,1,-1,-1,-1
1165,321,134,327,167,337,1,-1,-1,-1
1165,325,234,169,206,322,1,-1,-1,-1
1165,326,371,236,249,255,1,-1,-1,-1
1165,329,606,276,221,236,1,-1,-1,-1
1171,328,167,240,176,337,1,-1,-1,-1
1171,319,225,485,319,191,1,-1,-1,-1
1171,324,409,121,277,155,1,-1,-1,-1
1171,321,134,354,167,310,1,-1,-1,-1
1171,325,234,202,206,290,1,-1,-1,-1
1171,326,392,182,179,255,1,-1,-1,-1
1171,329,617,258,221,250,1,-1,-1,-1
1177,330,246,362,262,264,1,-1,-1,-1
1177,328,153,286,176,337,1,-1,-1,-1
1177,319,313,440,224,234,1,-1,-1,-1
1177,331,173,82,360,198,1,-1,-1,-1
1177,321,134,378,167,302,1,-1,-1,-1
1177,325,249,176,206,291,1,-1,-1,-1
1177,326,400,180,190,254,1,-1,-1,-1
1177,329,620,243,221,250,1,-1,-1,-1
1183,330,314,362,194,293,1,-1,-1,-1
1183,328,214,331,144,337,1,-1,-1,-1
1183,332,420,402,224,195,1,-1,-1,-1
1183,333,173,82,157,304,1,-1,-1,-1
1183,321,105,404,167,303,1,-1,-1,-1
1189,330,330,328,194,293,1,-1,-1,-1
1189,328,236,316,156,289,1,-1,-1,-1
1189,332,422,383,224,214,1,-1,-1,-1
1189,333,168,81,157,304,1,-1,-1,-1
1189,321,147,372,167,302,1,-1,-1,-1
1189,334,260,186,206,291,1,-1,-1,-1
1189,335,389,159,190,276,1,-1,-1,-1
1189,336,622,213,156,252,1,-1,-1,-1
1195,330,364,309,168,293,1,-1,-1,-1
1195,328,198,374,202,231,1,-1,-1,-1
1195,332,478,320,195,278,1,-1,-1,-1
1195,333,190,139,157,304,1,-1,-1,-1
1195,321,147,418,184,256,1,-1,-1,-1
1195,335,456,206,161,280,1,-1,-1,-1
1195,336,628,217,156,252,1,-1,-1,-1
1201,328,448,295,136,293,1,-1,-1,-1
1201,332,219,421,258,178,1,-1,-1,-1
1201,337,580,360,161,244,1,-1,-1,-1
1201,338,209,274,267,241,1,-1,-1,-1
1201,321,125,364,184,352,1,-1,-1,-1
1201,339,316,193,181,290,1,-1,-1,-1
1201,340,523,261,112,280,1,-1,-1,-1
1207,337,482,327,167,262,1,-1,-1,-1
1207,341,313,467,258,178,1,-1,-1,-1
1207,342,683,405,207,152,1,-1,-1,-1
1207,338,209,303,267,212,1,-1,-1,-1
1207,321,126,348,184,352,1,-1,-1,-1
1207,339,326,203,181,290,1,-1,-1,-1
1207,340,583,365,166,225,1,-1,-1,-1
1213,337,484,319,198,200,1,-1,-1,-1
1213,343,441,452,240,178,1,-1,-1,-1
1213,342,683,416,207,126,1,-1,-1,-1
1213,338,209,311,267,204,1,-1,-1,-1
1213,321,169,348,184,320,1,-1,-1,-1
1213,344,652,431,166,171,1,-1,-1,-1
1213,345,625,178,156,277,1,-1,-1,-1
1219,337,484,319,208,165,1,-1,-1,-1
1219,346,579,366,221,178,1,-1,-1,-1
1219,338,225,371,267,174,1,-1,-1,-1
1219,321,169,348,169,320,1,-1,-1,-1
1219,344,670,473,181,139,1,-1,-1,-1
1219,345,557,178,225,205,1,-1,-1,-1
1225,337,474,335,223,165,1,-1,-1,-1
1225,347,681,309,221,150,1,-1,-1,-1
1225,348,680,434,207,110,1,-1,-1,-1
1225,338,235,395,267,174,1,-1,-1,-1
1225,349,305,233,194,255,1,-1,-1,-1
1225,344,693,482,181,139,1,-1,-1,-1
1225,345,438,162,279,205,1,-1,-1,-1
1231,337,462,335,235,177,1,-1,-1,-1
1231,347,767,299,162,178,1,-1,-1,-1
1231,338,231,409,253,207,1,-1,-1,-1
1231,350,346,312,166,287,1,-1,-1,-1
1231,344,697,491,205,139,1,-1,-1,-1
1231,345,365,144,310,205,1,-1,-1,-1
1237,337,462,335,235,193,1,-1,-1,-1
1237,351,689,427,207,110,1,-1,-1,-1
1237,338,231,383,236,233,1,-1,-1,-1
1237,350,361,283,166,287,1,-1,-1,-1
1237,344,697,476,205,154,1,-1,-1,-1
1243,337,521,320,235,193,1,-1,-1,-1
1243,352,767,299,162,179,1,-1,-1,-1
1243,353,169,348,190,289,1,-1,-1,-1
1243,350,394,284,166,287,1,-1,-1,-1
1243,354,385,135,310,179,1,-1,-1,-1
1249,337,582,341,267,161,1,-1,-1,-1
1249,352,767,299,162,187,1,-1,-1,-1
1249,355,694,419,207,118,1,-1,-1,-1
1249,356,142,367,315,163,1,-1,-1,-1
1249,353,142,472,276,174,1,-1,-1,-1
1249,357,711,497,224,154,1,-1,-1,-1
1249,354,367,130,310,179,1,-1,-1,-1
1255,337,692,322,182,161,1,-1,-1,-1
1255,352,799,317,162,197,1,-1,-1,-1
1255,355,684,424,207,118,1,-1,-1,-1
1255,358,240,272,326,163,1,-1,-1,-1
1255,353,141,501,276,191,1,-1,-1,-1
1255,359,342,386,304,191,1,-1,-1,-1
1255,357,718,483,224,154,1,-1,-1,-1
1261,358,335,258,301,163,1,-1,-1,-1
1261,359,236,350,351,177,1,-1,-1,-1
1261,360,308,142,310,180,1,-1,-1,-1
1267,361,712,331,182,161,1,-1,-1,-1
1267,358,383,258,253,163,1,-1,-1,-1
1267,359,147,305,351,202,1,-1,-1,-1
1267,360,285,124,310,196,1,-1,-1,-1
1273,362,683,440,207,118,1,-1,-1,-1
1273,358,401,247,253,163,1,-1,-1,-1
1273,363,141,478,303,214,1,-1,-1,-1
1273,359,147,215,230,292,1,-1,-1,-1
1273,360,337,117,281,242,1,-1,-1,-1
1279,364,712,331,182,174,1,-1,-1,-1
1279,362,683,456,207,118,1,-1,-1,-1
1279,358,412,247,242,163,1,-1,-1,-1
1279,363,178,432,303,224,1,-1,-1,-1
1279,359,147,194,230,321,1,-1,-1,-1
1279,365,718,477,224,160,1,-1,-1,-1
1279,360,337,117,259,255,1,-1,-1,-1
1285,362,682,468,207,118,1,-1,-1,-1
1285,363,276,394,275,263,1,-1,-1,-1
1285,359,147,194,230,362,1,-1,-1,-1
1285,360,337,117,207,310,1,-1,-1,-1
1291,366,431,248,242,163,1,-1,-1,-1
1291,363,284,396,275,262,1,-1,-1,-1
1291,359,147,194,207,362,1,-1,-1,-1
1291,367,718,509,224,127,1,-1,-1,-1
1291,360,310,115,206,326,1,-1,-1,-1
1297,363,310,382,275,262,1,-1,-1,-1
1297,359,131,243,207,362,1,-1,-1,-1
1297,360,308,115,207,326,1,-1,-1,-1
1309,368,423,248,242,163,1,-1,-1,-1
1309,360,299,129,207,327,1,-1,-1,-1
1315,369,682,477,207,125,1,-1,-1,-1
1315,370,325,382,260,262,1,-1,-1,-1
1315,371,138,276,207,362,1,-1,-1,-1
1315,372,758,483,184,154,1,-1,-1,-1
1315,360,299,129,207,342,1,-1,-1,-1
1321,373,763,315,131,190,1,-1,-1,-1
1321,374,422,226,242,163,1,-1,-1,-1
1321,370,325,363,260,282,1,-1,-1,-1
1327,375,682,477,173,145,1,-1,-1,-1
1333,375,682,477,173,172,1,-1,-1,-1
1333,376,360,363,239,282,1,-1,-1,-1
1333,377,138,383,322,171,1,-1,-1,-1
1339,376,396,360,204,284,1,-1,-1,-1
1339,377,203,382,272,326,1,-1,-1,-1
1339,378,799,450,142,186,1,-1,-1,-1
1339,379,219,114,261,342,1,-1,-1,-1
1345,380,748,351,131,190,1,-1,-1,-1
1345,381,827,317,102,213,1,-1,-1,-1
1345,382,423,210,242,163,1,-1,-1,-1
1345,383,852,324,121,215,1,-1,-1,-1
1351,380,755,434,131,126,1,-1,-1,-1
1351,381,795,353,126,161,1,-1,-1,-1
1351,384,690,506,173,135,1,-1,-1,-1
1351,382,472,217,242,163,1,-1,-1,-1
1351,383,859,394,167,124,1,-1,-1,-1
1357,380,731,455,182,105,1,-1,-1,-1
1357,381,764,361,159,138,1,-1,-1,-1
1357,382,473,205,242,163,1,-1,-1,-1
1357,383,877,369,169,124,1,-1,-1,-1
1357,385,256,114,225,342,1,-1,-1,-1
1363,380,760,457,182,105,1,-1,-1,-1
1363,381,764,361,159,136,1,-1,-1,-1
1363,386,690,527,173,114,1,-1,-1,-1
1363,387,203,382,259,326,1,-1,-1,-1
1363,385,235,112,224,342,1,-1,-1,-1
1369,380,836,452,153,113,1,-1,-1,-1
1369,386,727,527,173,114,1,-1,-1,-1
1369,385,207,129,225,342,1,-1,-1,-1
1375,388,894,452,132,163,1,-1,-1,-1
1375,389,748,364,159,136,1,-1,-1,-1
1375,386,734,466,166,175,1,-1,-1,-1
1375,390,469,203,242,163,1,-1,-1,-1
1375,391,225,362,246,346,1,-1,-1,-1
1381,388,877,442,132,163,1,-1,-1,-1
1381,386,734,442,166,199,1,-1,-1,-1
1381,392,396,360,197,254,1,-1,-1,-1
1381,393,866,362,169,125,1,-1,-1,-1
1381,394,192,137,225,342,1,-1,-1,-1
1387,388,853,442,156,163,1,-1,-1,-1
1387,395,725,359,123,210,1,-1,-1,-1
1387,392,365,401,242,213,1,-1,-1,-1
1387,396,282,291,250,291,1,-1,-1,-1
1387,393,821,361,201,125,1,-1,-1,-1
1387,394,165,148,224,342,1,-1,-1,-1
1393,388,850,441,156,163,1,-1,-1,-1
1393,395,665,385,174,149,1,-1,-1,-1
1393,397,734,441,166,200,1,-1,-1,-1
1393,398,476,189,242,163,1,-1,-1,-1
1393,392,360,402,247,213,1,-1,-1,-1
1393,399,370,302,312,140,1,-1,-1,-1
1393,393,801,355,201,124,1,-1,-1,-1
1393,394,167,188,225,342,1,-1,-1,-1
1399,398,495,186,242,163,1,-1,-1,-1
1399,392,326,402,282,213,1,-1,-1,-1
1399,399,488,275,199,211,1,-1,-1,-1
1399,393,763,337,236,125,1,-1,-1,-1
1399,394,167,184,225,346,1,-1,-1,-1
1405,400,843,437,156,163,1,-1,-1,-1
1405,401,714,371,174,149,1,-1,-1,-1
1405,402,712,441,188,200,1,-1,-1,-1
1405,398,503,163,242,163,1,-1,-1,-1
1405,399,488,256,199,231,1,-1,-1,-1
1405,403,639,310,216,186,1,-1,-1,-1
1405,394,167,179,225,351,1,-1,-1,-1
1411,400,843,437,172,163,1,-1,-1,-1
1411,401,738,371,165,149,1,-1,-1,-1
1411,402,712,479,188,162,1,-1,-1,-1
1411,398,542,163,203,172,1,-1,-1,-1
1411,399,472,201,199,246,1,-1,-1,-1
1411,404,566,350,215,227,1,-1,-1,-1
1417,400,834,453,172,163,1,-1,-1,-1
1417,401,738,349,165,171,1,-1,-1,-1
1417,398,588,116,157,240,1,-1,-1,-1
1417,405,302,417,280,213,1,-1,-1,-1
1417,399,372,208,257,251,1,-1,-1,-1
1417,404,627,360,200,191,1,-1,-1,-1
1423,400,825,489,172,138,1,-1,-1,-1
1423,401,775,349,128,231,1,-1,-1,-1
1423,406,671,524,188,127,1,-1,-1,-1
1423,405,338,420,281,213,1,-1,-1,-1
1423,399,372,165,210,294,1,-1,-1,-1
1423,404,646,416,201,159,1,-1,-1,-1
1423,407,167,179,225,366,1,-1,-1,-1
1429,400,813,487,172,138,1,-1,-1,-1
1429,401,779,393,128,194,1,-1,-1,-1
1429,406,648,501,188,127,1,-1,-1,-1
1429,408,588,116,157,251,1,-1,-1,-1
1429,405,372,427,280,183,1,-1,-1,-1
1429,409,493,301,234,181,1,-1,-1,-1
1429,404,701,399,146,175,1,-1,-1,-1
1435,401,750,447,157,152,1,-1,-1,-1
1435,406,648,426,132,202,1,-1,-1,-1
1435,405,442,411,230,183,1,-1,-1,-1
1435,409,490,306,276,161,1,-1,-1,-1
1435,404,711,333,136,202,1,-1,-1,-1
1435,410,167,179,245,321,1,-1,-1,-1
1441,411,805,490,172,138,1,-1,-1,-1
1441,412,705,491,166,138,1,-1,-1,-1
1441,406,625,375,132,205,1,-1,-1,-1
1441,413,598,124,157,251,1,-1,-1,-1
1441,405,427,431,230,134,1,-1,-1,-1
1441,409,454,281,252,161,1,-1,-1,-1
1441,404,707,333,104,202,1,-1,-1,-1
1441,410,167,161,202,340,1,-1,-1,-1
1447,411,779,469,178,138,1,-1,-1,-1
1447,412,705,477,166,152,1,-1,-1,-1
1447,406,622,361,132,215,1,-1,-1,-1
1447,405,427,424,230,142,1,-1,-1,-1
1447,409,454,244,195,197,1,-1,-1,-1
1447,404,700,319,109,202,1,-1,-1,-1
1447,410,167,161,202,371,1,-1,-1,-1
1453,411,756,431,190,138,1,-1,-1,-1
1453,412,669,510,202,119,1,-1,-1,-1
1453,406,622,336,132,220,1,-1,-1,-1
1453,414,594,124,157,251,1,-1,-1,-1
1453,405,427,457,230,108,1,-1,-1,-1
1453,404,686,319,124,202,1,-1,-1,-1
1453,410,164,167,202,371,1,-1,-1,-1
1459,411,730,426,190,117,1,-1,-1,-1
1459,412,669,470,174,159,1,-1,-1,-1
1459,406,622,331,132,225,1,-1,-1,-1
1459,405,427,456,230,109,1,-1,-1,-1
1459,415,454,244,195,224,1,-1,-1,-1
1459,416,696,241,124,202,1,-1,-1,-1
1459,410,164,167,202,380,1,-1,-1,-1
1465,411,749,426,171,117,1,-1,-1,-1
1465,412,684,399,123,205,1,-1,-1,-1
1465,406,615,292,132,225,1,-1,-1,-1
1465,417,591,97,157,251,1,-1,-1,-1
1465,405,444,448,230,122,1,-1,-1,-1
1465,415,462,259,195,224,1,-1,-1,-1
1465,416,701,217,136,156,1,-1,-1,-1
1471,411,749,385,171,158,1,-1,-1,-1
1471,412,685,368,123,205,1,-1,-1,-1
1471,417,530,85,199,185,1,-1,-1,-1
1471,405,465,450,230,122,1,-1,-1,-1
1471,415,462,277,195,206,1,-1,-1,-1
1471,418,524,227,290,136,1,-1,-1,-1
1471,419,164,187,202,360,1,-1,-1,-1
1477,411,709,435,211,108,1,-1,-1,-1
1477,420,681,273,123,215,1,-1,-1,-1
1477,421,603,257,132,225,1,-1,-1,-1
1477,405,491,446,230,122,1,-1,-1,-1
1477,415,434,338,222,145,1,-1,-1,-1
1477,422,302,187,290,241,1,-1,-1,-1
1477,419,164,187,217,360,1,-1,-1,-1
1483,411,701,393,219,150,1,-1,-1,-1
1483,423,717,205,123,215,1,-1,-1,-1
1483,421,595,257,140,225,1,-1,-1,-1
1483,424,498,153,230,136,1,-1,-1,-1
1483,405,493,445,230,123,1,-1,-1,-1
1483,415,449,263,207,220,1,-1,-1,-1
1483,425,300,268,207,325,1,-1,-1,-1
1483,419,145,188,216,359,1,-1,-1,-1
1489,411,701,393,219,164,1,-1,-1,-1
1489,423,700,188,130,215,1,-1,-1,-1
1489,426,523,362,206,133,1,-1,-1,-1
1489,421,477,153,251,136,1,-1,-1,-1
1489,424,493,426,230,142,1,-1,-1,-1
1489,405,516,271,209,139,1,-1,-1,-1
1489,425,300,361,256,202,1,-1,-1,-1
1495,423,690,174,130,215,1,-1,-1,-1
1495,427,309,431,309,204,1,-1,-1,-1
1495,424,572,388,178,226,1,-1,-1,-1
1495,405,525,233,207,161,1,-1,-1,-1
1495,425,281,361,286,202,1,-1,-1,-1
1501,423,702,151,118,238,1,-1,-1,-1
1501,427,191,474,336,151,1,-1,-1,-1
1501,428,491,121,251,145,1,-1,-1,-1
1501,424,489,414,262,144,1,-1,-1,-1
1501,405,601,175,160,227,1,-1,-1,-1
1501,425,278,358,285,135,1,-1,-1,-1
1507,429,692,394,219,164,1,-1,-1,-1
1507,423,727,151,118,255,1,-1,-1,-1
1507,427,186,467,336,151,1,-1,-1,-1
1507,428,499,120,251,145,1,-1,-1,-1
1507,424,431,410,289,142,1,-1,-1,-1
1507,405,613,161,159,229,1,-1,-1,-1
1507,425,278,344,285,149,1,-1,-1,-1
1513,423,723,239,142,227,1,-1,-1,-1
1513,427,205,406,317,212,1,-1,-1,-1
1513,424,431,403,288,149,1,-1,-1,-1
1513,405,613,161,192,229,1,-1,-1,-1
1513,430,145,81,216,422,1,-1,-1,-1
1519,431,693,422,219,164,1,-1,-1,-1
1519,423,709,280,142,208,1,-1,-1,-1
1519,424,492,407,228,178,1,-1,-1,-1
1519,405,611,159,212,227,1,-1,-1,-1
1519,432,273,235,280,232,1,-1,-1,-1
1519,430,126,125,217,421,1,-1,-1,-1
1525,431,693,452,219,134,1,-1,-1,-1
1525,433,239,406,315,249,1,-1,-1,-1
1525,434,496,103,251,145,1,-1,-1,-1
1525,424,492,302,170,283,1,-1,-1,-1
1525,405,611,159,190,227,1,-1,-1,-1
1525,432,247,316,300,179,1,-1,-1,-1
1525,430,107,268,217,422,1,-1,-1,-1
1531,431,676,452,236,134,1,-1,-1,-1
1531,433,239,475,315,206,1,-1,-1,-1
1531,424,478,274,170,284,1,-1,-1,-1
1531,405,638,159,162,227,1,-1,-1,-1
1531,432,232,356,300,216,1,-1,-1,-1
1531,430,107,268,217,410,1,-1,-1,-1
1537,433,213,495,315,206,1,-1,-1,-1
1537,424,481,266,170,283,1,-1,-1,-1
1537,405,639,168,162,237,1,-1,-1,-1
1537,432,221,368,300,216,1,-1,-1,-1
1537,430,101,163,217,410,1,-1,-1,-1
1543,424,473,231,172,283,1,-1,-1,-1
1543,405,639,193,162,244,1,-1,-1,-1
1543,432,196,368,325,216,1,-1,-1,-1
1543,430,101,163,217,357,1,-1,-1,-1
1549,435,669,452,236,134,1,-1,-1,-1
1549,436,394,111,202,283,1,-1,-1,-1
1549,432,193,374,324,216,1,-1,-1,-1
1549,437,184,163,237,284,1,-1,-1,-1
1555,438,677,305,174,183,1,-1,-1,-1
1555,436,383,83,202,284,1,-1,-1,-1
1555,439,639,151,162,244,1,-1,-1,-1
1555,437,184,185,256,261,1,-1,-1,-1
1561,440,647,453,236,134,1,-1,-1,-1
1561,438,677,276,174,212,1,-1,-1,-1
1561,441,180,482,351,179,1,-1,-1,-1
1561,442,211,12,327,259,1,-1,-1,-1
1561,443,193,369,324,212,1,-1,-1,-1
1561,437,184,185,267,261,1,-1,-1,-1
1567,440,631,480,236,134,1,-1,-1,-1
1567,441,160,473,351,179,1,-1,-1,-1
1567,444,495,107,251,145,1,-1,-1,-1
1567,443,193,369,324,167,1,-1,-1,-1
1567,437,184,237,285,210,1,-1,-1,-1
1573,445,662,321,174,193,1,-1,-1,-1
1573,443,181,361,325,167,1,-1,-1,-1
1573,437,184,237,285,169,1,-1,-1,-1
1579,445,646,346,190,168,1,-1,-1,-1
1579,446,160,473,351,136,1,-1,-1,-1
1579,447,650,145,161,242,1,-1,-1,-1
1579,437,187,215,285,167,1,-1,-1,-1
1585,437,187,215,305,167,1,-1,-1,-1
1591,448,650,344,190,168,1,-1,-1,-1
1591,449,160,458,351,151,1,-1,-1,-1
1591,450,495,107,251,162,1,-1,-1,-1
1591,451,196,33,327,196,1,-1,-1,-1
1591,452,650,145,161,254,1,-1,-1,-1
1591,437,207,229,320,167,1,-1,-1,-1
1597,453,624,481,258,134,1,-1,-1,-1
1597,448,668,325,190,168,1,-1,-1,-1
1597,449,192,458,351,151,1,-1,-1,-1
1597,450,530,88,251,162,1,-1,-1,-1
1597,452,593,218,219,149,1,-1,-1,-1
1597,454,176,347,325,167,1,-1,-1,-1
1597,455,364,207,211,249,1,-1,-1,-1
1603,448,682,311,190,168,1,-1,-1,-1
1603,449,227,460,351,151,1,-1,-1,-1
1603,450,537,93,251,162,1,-1,-1,-1
1603,456,188,92,267,269,1,-1,-1,-1
1603,457,515,226,176,286,1,-1,-1,-1
1609,448,682,311,214,168,1,-1,-1,-1
1609,449,176,438,351,151,1,-1,-1,-1
1609,457,514,223,177,286,1,-1,-1,-1
1615,448,699,316,214,168,1,-1,-1,-1
1615,449,157,396,318,203,1,-1,-1,-1
1615,458,569,108,251,162,1,-1,-1,-1
1615,459,177,60,267,269,1,-1,-1,-1
1615,457,514,223,177,260,1,-1,-1,-1
1615,460,439,208,161,309,1,-1,-1,-1
1621,449,157,302,228,326,1,-1,-1,-1
1621,458,585,111,251,162,1,-1,-1,-1
1621,461,545,318,176,260,1,-1,-1,-1
1621,462,227,267,300,214,1,-1,-1,-1
1621,460,439,208,161,294,1,-1,-1,-1
1627,463,728,316,185,168,1,-1,-1,-1
1627,458,606,111,230,162,1,-1,-1,-1
1627,461,573,325,177,260,1,-1,-1,-1
1627,462,227,276,300,205,1,-1,-1,-1
1627,460,435,212,161,295,1,-1,-1,-1
1633,463,726,316,187,168,1,-1,-1,-1
1633,464,128,255,196,326,1,-1,-1,-1
1633,465,212,55,266,270,1,-1,-1,-1
1633,462,249,253,277,227,1,-1,-1,-1
1633,460,435,226,161,281,1,-1,-1,-1
1639,464,128,290,196,362,1,-1,-1,-1
1639,465,195,55,174,393,1,-1,-1,-1
1639,462,269,282,277,227,1,-1,-1,-1
1639,460,446,234,161,280,1,-1,-1,-1
1645,466,725,316,187,168,1,-1,-1,-1
1645,464,128,231,215,369,1,-1,-1,-1
1645,467,225,257,174,392,1,-1,-1,-1
1645,468,290,359,277,312,1,-1,-1,-1
1645,460,463,234,144,280,1,-1,-1,-1
1651,469,167,180,282,255,1,-1,-1,-1
1651,470,159,403,308,165,1,-1,-1,-1
1651,468,228,403,291,314,1,-1,-1,-1
1651,460,463,234,154,280,1,-1,-1,-1
1657,471,745,319,187,168,1,-1,-1,-1
1663,472,159,400,308,167,1,-1,-1,-1
1663,473,213,456,306,261,1,-1,-1,-1
1669,474,728,319,187,168,1,-1,-1,-1
1675,475,167,116,239,319,1,-1,-1,-1
1675,476,159,400,308,180,1,-1,-1,-1
1675,477,532,325,191,260,1,-1,-1,-1
1675,478,213,456,306,256,1,-1,-1,-1
1675,479,448,234,169,297,1,-1,-1,-1
1681,477,446,419,277,166,1,-1,-1,-1
1681,479,440,193,169,299,1,-1,-1,-1
1687,480,167,73,159,376,1,-1,-1,-1
1687,481,612,115,230,162,1,-1,-1,-1
1687,482,372,317,246,261,1,-1,-1,-1
1687,483,208,452,306,256,1,-1,-1,-1
1687,479,463,177,174,299,1,-1,-1,-1
1693,484,159,400,308,167,1,-1,-1,-1
1693,485,170,327,370,164,1,-1,-1,-1
1693,479,488,194,197,297,1,-1,-1,-1
1699,486,624,509,258,134,1,-1,-1,-1
1699,487,149,11,159,376,1,-1,-1,-1
1699,484,159,400,247,209,1,-1,-1,-1
1699,485,170,252,271,210,1,-1,-1,-1
1705,486,610,503,258,134,1,-1,-1,-1
1705,487,149,11,193,376,1,-1,-1,-1
1705,488,598,114,230,162,1,-1,-1,-1
1705,484,159,400,247,229,1,-1,-1,-1
1705,485,170,208,271,304,1,-1,-1,-1
1705,489,208,430,306,277,1,-1,-1,-1
1711,485,170,208,256,304,1,-1,-1,-1
1717,490,591,486,258,157,1,-1,-1,-1
1717,491,159,425,234,267,1,-1,-1,-1
1717,492,214,430,300,277,1,-1,-1,-1
1723,493,149,11,193,325,1,-1,-1,-1
1723,491,164,364,268,256,1,-1,-1,-1
1723,494,134,229,222,304,1,-1,-1,-1
1729,495,591,458,258,173,1,-1,-1,-1
1729,496,598,114,206,192,1,-1,-1,-1
1729,497,243,271,268,275,1,-1,-1,-1
1729,491,125,263,222,304,1,-1,-1,-1
1729,494,249,389,300,252,1,-1,-1,-1
1729,498,498,171,197,299,1,-1,-1,-1
1735,499,728,319,187,182,1,-1,-1,-1
1735,497,269,239,268,275,1,-1,-1,-1
1735,494,241,389,309,214,1,-1,-1,-1
1741,500,637,373,179,258,1,-1,-1,-1
1741,499,743,327,187,188,1,-1,-1,-1
1741,501,598,114,206,201,1,-1,-1,-1
1741,497,261,240,267,275,1,-1,-1,-1
1741,494,162,461,367,170,1,-1,-1,-1
1741,502,492,165,197,297,1,-1,-1,-1
1747,500,648,264,179,282,1,-1,-1,-1
1747,499,755,360,187,188,1,-1,-1,-1
1747,497,261,230,267,275,1,-1,-1,-1
1747,503,125,263,231,380,1,-1,-1,-1
1747,494,201,461,329,170,1,-1,-1,-1
1747,502,490,144,196,297,1,-1,-1,-1
1753,499,771,434,187,175,1,-1,-1,-1
1753,497,261,230,267,278,1,-1,-1,-1
1753,503,125,263,146,380,1,-1,-1,-1
1759,504,663,268,179,282,1,-1,-1,-1
1759,497,251,259,267,278,1,-1,-1,-1
1759,505,467,144,197,302,1,-1,-1,-1
1765,504,665,241,179,257,1,-1,-1,-1
1765,506,149,11,222,366,1,-1,-1,-1
1765,507,160,336,164,381,1,-1,-1,-1
1765,505,458,187,197,304,1,-1,-1,-1
1771,504,665,258,179,240,1,-1,-1,-1
1771,508,771,416,187,193,1,-1,-1,-1
1771,506,156,63,222,366,1,-1,-1,-1
1771,509,258,225,264,278,1,-1,-1,-1
1771,505,430,187,225,304,1,-1,-1,-1
1777,510,564,222,234,206,1,-1,-1,-1
1777,508,795,423,187,193,1,-1,-1,-1
1777,506,153,72,222,366,1,-1,-1,-1
1777,511,160,336,164,347,1,-1,-1,-1
1777,512,202,435,329,169,1,-1,-1,-1
1777,505,426,266,230,256,1,-1,-1,-1
1783,513,314,109,307,206,1,-1,-1,-1
1783,514,598,114,206,213,1,-1,-1,-1
1783,511,149,268,164,347,1,-1,-1,-1
1783,512,214,417,327,192,1,-1,-1,-1
1783,505,397,289,259,232,1,-1,-1,-1
1789,513,301,110,213,336,1,-1,-1,-1
1789,515,345,191,266,277,1,-1,-1,-1
1789,511,146,192,165,347,1,-1,-1,-1
1789,512,214,417,327,204,1,-1,-1,-1
1789,505,395,290,257,231,1,-1,-1,-1
1795,513,307,157,213,336,1,-1,-1,-1
1795,516,215,128,184,366,1,-1,-1,-1
1795,517,456,89,194,299,1,-1,-1,-1
1795,511,146,192,165,365,1,-1,-1,-1
1795,505,372,352,291,191,1,-1,-1,-1
