1,3,354,259,276,247,1,-1,-1,-1
1,5,342,408,140,132,1,-1,-1,-1
1,6,218,173,371,136,1,-1,-1,-1
1,8,352,72,367,240,1,-1,-1,-1
2,3,362,276,260,228,1,-1,-1,-1
2,5,341,415,129,123,1,-1,-1,-1
2,6,227,166,373,146,1,-1,-1,-1
2,8,349,61,378,205,1,-1,-1,-1
3,3,355,282,273,217,1,-1,-1,-1
3,5,345,418,136,122,1,-1,-1,-1
3,6,233,172,373,141,1,-1,-1,-1
3,8,341,59,360,183,1,-1,-1,-1
4,3,337,289,300,214,1,-1,-1,-1
4,5,332,411,145,128,1,-1,-1,-1
4,6,238,159,372,157,1,-1,-1,-1
4,8,341,57,372,191,1,-1,-1,-1
5,3,334,307,298,194,1,-1,-1,-1
5,5,330,403,143,133,1,-1,-1,-1
5,6,247,156,365,166,1,-1,-1,-1
5,8,333,65,366,169,1,-1,-1,-1
6,3,323,318,318,179,1,-1,-1,-1
6,5,324,404,148,134,1,-1,-1,-1
6,6,252,147,371,178,1,-1,-1,-1
6,8,319,54,368,177,1,-1,-1,-1
7,3,308,334,325,166,1,-1,-1,-1
7,5,312,402,161,138,1,-1,-1,-1
7,6,260,156,365,179,1,-1,-1,-1
7,8,307,67,378,184,1,-1,-1,-1
8,3,302,337,351,167,1,-1,-1,-1
8,5,312,395,153,143,1,-1,-1,-1
8,6,271,157,362,181,1,-1,-1,-1
8,8,302,69,386,180,1,-1,-1,-1
9,3,312,356,340,153,1,-1,-1,-1
9,5,303,392,157,144,1,-1,-1,-1
9,6,277,155,365,184,1,-1,-1,-1
9,8,292,58,388,177,1,-1,-1,-1
10,3,294,339,380,165,1,-1,-1,-1
10,5,301,391,169,149,1,-1,-1,-1
10,6,269,151,376,194,1,-1,-1,-1
10,8,269,54,396,195,1,-1,-1,-1
11,3,352,371,309,131,1,-1,-1,-1
11,5,308,385,140,152,1,-1,-1,-1
11,6,284,149,373,188,1,-1,-1,-1
11,8,279,73,372,143,1,-1,-1,-1
12,3,354,366,326,155,1,-1,-1,-1
12,5,304,381,146,158,1,-1,-1,-1
12,6,297,153,353,191,1,-1,-1,-1
12,8,277,57,357,160,1,-1,-1,-1
13,3,357,362,313,158,1,-1,-1,-1
13,5,295,369,155,171,1,-1,-1,-1
13,6,324,153,339,208,1,-1,-1,-1
13,8,259,59,362,162,1,-1,-1,-1
14,3,346,345,323,170,1,-1,-1,-1
14,5,297,372,135,168,1,-1,-1,-1
14,6,324,153,345,201,1,-1,-1,-1
14,8,268,57,344,150,1,-1,-1,-1
15,3,324,348,370,175,1,-1,-1,-1
15,5,299,362,141,176,1,-1,-1,-1
15,6,345,141,334,206,1,-1,-1,-1
15,8,264,59,337,163,1,-1,-1,-1
16,3,347,348,355,172,1,-1,-1,-1
16,5,295,359,136,178,1,-1,-1,-1
16,6,349,144,339,217,1,-1,-1,-1
16,8,251,66,353,140,1,-1,-1,-1
17,3,351,312,354,215,1,-1,-1,-1
17,5,285,346,145,190,1,-1,-1,-1
17,6,369,133,333,225,1,-1,-1,-1
17,8,258,61,340,155,1,-1,-1,-1
18,3,362,316,363,212,1,-1,-1,-1
18,5,282,352,150,183,1,-1,-1,-1
18,6,394,148,315,217,1,-1,-1,-1
18,8,240,59,357,147,1,-1,-1,-1
19,3,365,317,359,216,1,-1,-1,-1
19,9,882,164,69,252,1,-1,-1,-1
19,5,281,346,158,186,1,-1,-1,-1
19,6,402,156,311,218,1,-1,-1,-1
19,8,252,58,345,164,1,-1,-1,-1
20,3,369,329,361,203,1,-1,-1,-1
20,9,887,158,60,263,1,-1,-1,-1
20,5,272,343,156,195,1,-1,-1,-1
20,6,398,143,325,234,1,-1,-1,-1
20,8,249,57,337,184,1,-1,-1,-1
21,3,375,338,367,202,1,-1,-1,-1
21,9,877,179,72,252,1,-1,-1,-1
21,5,279,341,139,192,1,-1,-1,-1
21,6,405,146,322,236,1,-1,-1,-1
21,8,252,53,322,186,1,-1,-1,-1
22,3,359,326,381,208,1,-1,-1,-1
22,9,878,191,69,253,1,-1,-1,-1
22,5,263,339,152,195,1,-1,-1,-1
22,6,391,155,338,230,1,-1,-1,-1
22,8,243,100,324,185,1,-1,-1,-1
23,3,361,336,385,197,1,-1,-1,-1
23,9,869,187,79,247,1,-1,-1,-1
23,5,261,335,153,201,1,-1,-1,-1
23,6,391,166,352,219,1,-1,-1,-1
23,8,253,55,311,198,1,-1,-1,-1
24,3,363,344,383,190,1,-1,-1,-1
24,9,864,205,83,236,1,-1,-1,-1
24,5,255,335,157,199,1,-1,-1,-1
24,6,384,172,359,225,1,-1,-1,-1
24,8,248,47,309,217,1,-1,-1,-1
25,3,352,353,410,183,1,-1,-1,-1
25,9,879,211,65,270,1,-1,-1,-1
25,5,249,331,173,204,1,-1,-1,-1
25,6,385,186,365,221,1,-1,-1,-1
25,8,255,36,290,232,1,-1,-1,-1
26,3,370,355,382,181,1,-1,-1,-1
26,9,869,206,79,251,1,-1,-1,-1
26,5,241,332,176,202,1,-1,-1,-1
26,6,383,189,376,220,1,-1,-1,-1
26,8,254,26,290,245,1,-1,-1,-1
27,3,380,368,373,172,1,-1,-1,-1
27,9,865,207,78,277,1,-1,-1,-1
27,5,239,324,185,210,1,-1,-1,-1
27,6,385,195,383,220,1,-1,-1,-1
27,8,243,26,287,256,1,-1,-1,-1
28,3,352,384,418,154,1,-1,-1,-1
28,9,868,212,80,257,1,-1,-1,-1
28,5,229,324,196,210,1,-1,-1,-1
28,6,388,208,375,212,1,-1,-1,-1
28,8,248,17,286,256,1,-1,-1,-1
29,3,378,389,392,145,1,-1,-1,-1
29,9,864,221,84,251,1,-1,-1,-1
29,5,215,318,212,214,1,-1,-1,-1
29,6,405,219,382,206,1,-1,-1,-1
29,8,243,12,288,264,1,-1,-1,-1
30,3,371,411,397,125,1,-1,-1,-1
30,9,870,222,79,262,1,-1,-1,-1
30,5,223,317,192,215,1,-1,-1,-1
30,6,404,213,377,214,1,-1,-1,-1
30,8,243,3,257,282,1,-1,-1,-1
31,3,374,414,385,121,1,-1,-1,-1
31,9,859,237,89,252,1,-1,-1,-1
31,5,214,306,197,223,1,-1,-1,-1
31,6,414,208,383,218,1,-1,-1,-1
31,8,243,11,262,272,1,-1,-1,-1
32,3,363,421,402,114,1,-1,-1,-1
32,9,862,188,83,307,1,-1,-1,-1
32,5,212,314,200,218,1,-1,-1,-1
32,6,425,212,380,220,1,-1,-1,-1
32,8,244,7,246,280,1,-1,-1,-1
33,3,375,417,382,119,1,-1,-1,-1
33,9,854,217,94,281,1,-1,-1,-1
33,5,201,302,218,234,1,-1,-1,-1
33,6,437,199,374,230,1,-1,-1,-1
33,8,250,2,211,294,1,-1,-1,-1
34,3,389,412,371,126,1,-1,-1,-1
34,9,841,209,105,290,1,-1,-1,-1
34,5,203,297,209,238,1,-1,-1,-1
34,6,458,195,359,242,1,-1,-1,-1
34,8,241,6,232,293,1,-1,-1,-1
35,3,385,407,372,130,1,-1,-1,-1
35,9,838,191,110,324,1,-1,-1,-1
35,5,190,291,221,249,1,-1,-1,-1
35,6,465,191,364,241,1,-1,-1,-1
35,8,240,5,229,283,1,-1,-1,-1
36,3,392,400,357,134,1,-1,-1,-1
36,9,828,237,117,267,1,-1,-1,-1
36,5,182,286,216,248,1,-1,-1,-1
36,6,473,193,360,242,1,-1,-1,-1
36,8,243,8,222,284,1,-1,-1,-1
37,3,388,401,359,135,1,-1,-1,-1
37,9,821,285,123,236,1,-1,-1,-1
37,5,182,288,217,241,1,-1,-1,-1
37,6,488,194,360,255,1,-1,-1,-1
37,8,248,8,209,286,1,-1,-1,-1
38,3,394,401,344,139,1,-1,-1,-1
38,9,811,244,140,271,1,-1,-1,-1
38,5,175,285,219,252,1,-1,-1,-1
38,6,500,204,350,241,1,-1,-1,-1
38,8,258,2,185,300,1,-1,-1,-1
39,3,408,405,340,128,1,-1,-1,-1
39,9,795,308,156,215,1,-1,-1,-1
39,5,177,276,229,254,1,-1,-1,-1
39,6,494,211,364,220,1,-1,-1,-1
39,8,255,3,176,304,1,-1,-1,-1
40,3,398,403,341,132,1,-1,-1,-1
40,9,799,314,147,215,1,-1,-1,-1
40,5,168,284,230,252,1,-1,-1,-1
40,6,493,223,378,224,1,-1,-1,-1
40,8,271,2,160,305,1,-1,-1,-1
41,3,408,404,326,136,1,-1,-1,-1
41,9,793,315,152,218,1,-1,-1,-1
41,5,171,273,217,254,1,-1,-1,-1
41,6,492,229,385,222,1,-1,-1,-1
41,8,277,4,142,307,1,-1,-1,-1
42,3,406,404,322,131,1,-1,-1,-1
42,9,797,334,150,194,1,-1,-1,-1
42,5,161,268,231,265,1,-1,-1,-1
42,6,488,238,394,227,1,-1,-1,-1
42,8,267,4,155,319,1,-1,-1,-1
43,3,411,406,317,131,1,-1,-1,-1
43,9,798,324,150,213,1,-1,-1,-1
43,5,159,273,232,261,1,-1,-1,-1
43,6,474,253,408,219,1,-1,-1,-1
43,8,269,2,149,325,1,-1,-1,-1
44,10,688,5,137,120,1,-1,-1,-1
44,3,411,433,324,101,1,-1,-1,-1
44,9,793,337,156,197,1,-1,-1,-1
44,5,150,268,241,267,1,-1,-1,-1
44,6,489,261,400,205,1,-1,-1,-1
44,8,278,5,156,316,1,-1,-1,-1
45,10,687,3,137,130,1,-1,-1,-1
45,3,412,421,322,115,1,-1,-1,-1
45,9,784,362,163,175,1,-1,-1,-1
45,5,149,267,244,267,1,-1,-1,-1
45,6,521,246,369,219,1,-1,-1,-1
45,8,285,4,155,318,1,-1,-1,-1
46,10,668,3,165,142,1,-1,-1,-1
46,3,419,435,313,100,1,-1,-1,-1
46,9,778,355,169,181,1,-1,-1,-1
46,5,139,266,244,272,1,-1,-1,-1
46,6,547,248,334,233,1,-1,-1,-1
46,8,265,1,184,320,1,-1,-1,-1
47,10,663,5,156,153,1,-1,-1,-1
47,3,412,423,326,117,1,-1,-1,-1
47,9,787,355,163,180,1,-1,-1,-1
47,5,137,261,241,268,1,-1,-1,-1
47,6,564,256,325,223,1,-1,-1,-1
47,8,279,5,179,310,1,-1,-1,-1
48,10,667,5,173,164,1,-1,-1,-1
48,3,409,431,323,105,1,-1,-1,-1
48,9,772,356,177,182,1,-1,-1,-1
48,5,131,255,249,279,1,-1,-1,-1
48,6,556,267,324,213,1,-1,-1,-1
48,8,277,5,193,314,1,-1,-1,-1
49,10,668,3,166,183,1,-1,-1,-1
49,3,403,427,338,110,1,-1,-1,-1
49,9,775,357,173,180,1,-1,-1,-1
49,5,123,245,260,290,1,-1,-1,-1
49,6,567,283,323,190,1,-1,-1,-1
49,8,277,4,197,320,1,-1,-1,-1
50,10,649,2,180,194,1,-1,-1,-1
50,3,409,426,318,112,1,-1,-1,-1
50,9,775,353,173,184,1,-1,-1,-1
50,6,569,285,331,191,1,-1,-1,-1
50,8,279,18,193,311,1,-1,-1,-1
51,10,660,3,169,201,1,-1,-1,-1
51,3,406,422,317,118,1,-1,-1,-1
51,9,778,343,174,194,1,-1,-1,-1
51,11,117,242,254,291,1,-1,-1,-1
51,6,553,276,356,188,1,-1,-1,-1
51,8,272,22,209,313,1,-1,-1,-1
52,10,658,3,185,219,1,-1,-1,-1
52,3,404,432,317,107,1,-1,-1,-1
52,9,773,356,171,179,1,-1,-1,-1
52,11,112,238,258,298,1,-1,-1,-1
52,6,555,269,362,190,1,-1,-1,-1
52,8,271,28,211,314,1,-1,-1,-1
53,10,655,3,175,230,1,-1,-1,-1
53,9,795,354,147,182,1,-1,-1,-1
53,11,102,238,271,298,1,-1,-1,-1
53,6,577,262,351,209,1,-1,-1,-1
53,8,251,43,241,309,1,-1,-1,-1
54,10,650,6,181,238,1,-1,-1,-1
54,12,421,447,282,88,1,-1,-1,-1
54,9,764,348,185,185,1,-1,-1,-1
54,11,105,237,265,295,1,-1,-1,-1
54,6,589,262,349,214,1,-1,-1,-1
54,8,215,63,261,303,1,-1,-1,-1
55,10,645,1,190,248,1,-1,-1,-1
55,12,424,441,283,99,1,-1,-1,-1
55,9,750,349,202,187,1,-1,-1,-1
55,11,98,230,280,301,1,-1,-1,-1
55,6,601,249,344,244,1,-1,-1,-1
55,8,234,59,277,305,1,-1,-1,-1
56,10,650,5,182,259,1,-1,-1,-1
56,9,760,345,184,190,1,-1,-1,-1
56,11,91,225,276,306,1,-1,-1,-1
56,6,608,248,339,256,1,-1,-1,-1
56,8,221,68,288,301,1,-1,-1,-1
57,10,645,2,188,275,1,-1,-1,-1
57,11,87,223,282,306,1,-1,-1,-1
57,8,209,83,306,294,1,-1,-1,-1
58,10,655,9,178,276,1,-1,-1,-1
58,13,759,328,193,208,1,-1,-1,-1
58,11,87,221,275,308,1,-1,-1,-1
58,14,647,219,305,296,1,-1,-1,-1
58,8,207,84,316,302,1,-1,-1,-1
59,10,641,6,199,286,1,-1,-1,-1
59,13,762,352,155,178,1,-1,-1,-1
59,11,85,211,277,317,1,-1,-1,-1
59,14,652,231,300,290,1,-1,-1,-1
59,8,213,107,317,281,1,-1,-1,-1
60,10,648,6,187,296,1,-1,-1,-1
60,13,777,362,125,176,1,-1,-1,-1
60,11,80,207,274,319,1,-1,-1,-1
60,14,672,227,280,269,1,-1,-1,-1
60,8,218,117,316,279,1,-1,-1,-1
61,10,642,6,198,306,1,-1,-1,-1
61,11,77,204,274,331,1,-1,-1,-1
61,14,650,222,299,258,1,-1,-1,-1
61,8,229,117,306,282,1,-1,-1,-1
62,10,631,7,205,321,1,-1,-1,-1
62,15,773,346,127,193,1,-1,-1,-1
62,11,73,202,272,315,1,-1,-1,-1
62,14,660,203,292,254,1,-1,-1,-1
62,8,242,118,305,288,1,-1,-1,-1
63,10,628,3,216,335,1,-1,-1,-1
63,15,762,373,133,163,1,-1,-1,-1
63,11,67,198,275,317,1,-1,-1,-1
63,14,668,183,284,254,1,-1,-1,-1
63,8,255,114,300,301,1,-1,-1,-1
64,10,637,3,206,339,1,-1,-1,-1
64,15,769,373,134,165,1,-1,-1,-1
64,11,67,195,273,320,1,-1,-1,-1
64,14,664,188,285,248,1,-1,-1,-1
64,8,265,112,295,301,1,-1,-1,-1
65,10,633,4,210,345,1,-1,-1,-1
65,15,759,398,125,140,1,-1,-1,-1
65,11,62,193,271,318,1,-1,-1,-1
65,14,685,184,267,235,1,-1,-1,-1
65,8,270,112,291,304,1,-1,-1,-1
66,10,624,4,218,351,1,-1,-1,-1
66,11,58,184,267,324,1,-1,-1,-1
66,14,713,159,239,265,1,-1,-1,-1
66,8,282,109,282,315,1,-1,-1,-1
67,10,640,6,193,359,1,-1,-1,-1
67,11,55,183,265,322,1,-1,-1,-1
67,14,742,186,210,236,1,-1,-1,-1
67,8,289,116,282,323,1,-1,-1,-1
68,10,620,4,221,363,1,-1,-1,-1
68,11,50,178,270,319,1,-1,-1,-1
68,14,762,142,185,301,1,-1,-1,-1
68,8,302,116,278,326,1,-1,-1,-1
69,10,615,5,212,373,1,-1,-1,-1
69,16,762,378,180,156,1,-1,-1,-1
69,11,51,172,267,326,1,-1,-1,-1
69,14,775,157,177,288,1,-1,-1,-1
69,8,322,121,260,327,1,-1,-1,-1
70,10,625,20,199,375,1,-1,-1,-1
70,16,743,402,174,134,1,-1,-1,-1
70,11,51,172,262,327,1,-1,-1,-1
70,14,807,145,143,289,1,-1,-1,-1
70,8,311,136,280,318,1,-1,-1,-1
71,10,621,1,184,395,1,-1,-1,-1
71,11,41,169,263,323,1,-1,-1,-1
71,8,301,148,293,308,1,-1,-1,-1
72,10,617,4,197,392,1,-1,-1,-1
72,11,31,174,269,308,1,-1,-1,-1
72,8,300,159,309,310,1,-1,-1,-1
73,10,616,3,184,404,1,-1,-1,-1
73,11,15,179,267,296,1,-1,-1,-1
73,8,318,171,300,295,1,-1,-1,-1
74,10,612,4,195,402,1,-1,-1,-1
74,11,2,178,259,293,1,-1,-1,-1
74,8,345,162,282,312,1,-1,-1,-1
75,10,611,3,218,410,1,-1,-1,-1
75,11,2,178,246,299,1,-1,-1,-1
75,8,361,156,273,326,1,-1,-1,-1
76,10,623,4,183,417,1,-1,-1,-1
76,11,2,185,239,288,1,-1,-1,-1
76,8,372,148,271,338,1,-1,-1,-1
77,10,617,16,186,407,1,-1,-1,-1
77,11,9,170,229,288,1,-1,-1,-1
77,8,389,163,264,331,1,-1,-1,-1
78,10,607,20,195,416,1,-1,-1,-1
78,11,14,182,244,260,1,-1,-1,-1
78,8,387,168,268,337,1,-1,-1,-1
79,10,597,16,203,430,1,-1,-1,-1
79,11,2,171,251,260,1,-1,-1,-1
79,8,391,176,269,351,1,-1,-1,-1
80,10,593,36,210,413,1,-1,-1,-1
80,11,3,195,251,232,1,-1,-1,-1
80,8,374,189,294,340,1,-1,-1,-1
81,10,595,34,223,422,1,-1,-1,-1
81,11,9,201,249,190,1,-1,-1,-1
81,8,378,211,292,324,1,-1,-1,-1
82,10,594,55,234,408,1,-1,-1,-1
82,11,4,187,274,201,1,-1,-1,-1
82,8,367,221,314,317,1,-1,-1,-1
83,10,604,77,234,391,1,-1,-1,-1
83,11,1,169,307,236,1,-1,-1,-1
83,8,361,243,340,290,1,-1,-1,-1
84,10,605,86,247,391,1,-1,-1,-1
84,11,1,164,300,251,1,-1,-1,-1
84,8,379,257,325,283,1,-1,-1,-1
85,10,610,92,245,394,1,-1,-1,-1
85,11,4,177,297,220,1,-1,-1,-1
85,8,390,247,324,293,1,-1,-1,-1
86,10,612,116,229,375,1,-1,-1,-1
86,11,4,180,286,204,1,-1,-1,-1
86,8,413,263,309,274,1,-1,-1,-1
87,10,620,123,220,382,1,-1,-1,-1
87,11,5,181,277,228,1,-1,-1,-1
87,8,410,253,321,280,1,-1,-1,-1
88,10,625,131,202,382,1,-1,-1,-1
88,11,4,174,263,253,1,-1,-1,-1
88,8,425,257,297,274,1,-1,-1,-1
89,10,629,127,201,395,1,-1,-1,-1
89,11,11,161,245,280,1,-1,-1,-1
89,8,430,271,313,269,1,-1,-1,-1
90,10,630,129,183,405,1,-1,-1,-1
90,11,15,164,239,263,1,-1,-1,-1
90,8,430,282,328,256,1,-1,-1,-1
91,10,622,116,204,423,1,-1,-1,-1
91,11,13,142,237,297,1,-1,-1,-1
92,10,621,98,207,437,1,-1,-1,-1
92,11,18,138,223,293,1,-1,-1,-1
93,10,604,98,244,428,1,-1,-1,-1
93,11,17,140,211,302,1,-1,-1,-1
94,10,601,117,221,416,1,-1,-1,-1
94,11,19,134,191,308,1,-1,-1,-1
95,10,607,128,224,390,1,-1,-1,-1
95,11,5,119,177,328,1,-1,-1,-1
96,10,590,134,260,379,1,-1,-1,-1
96,11,3,99,157,350,1,-1,-1,-1
97,10,609,142,243,375,1,-1,-1,-1
97,11,7,103,148,350,1,-1,-1,-1
98,10,600,167,235,334,1,-1,-1,-1
98,11,4,92,151,365,1,-1,-1,-1
99,10,603,173,241,320,1,-1,-1,-1
99,11,4,95,157,359,1,-1,-1,-1
100,10,624,161,205,354,1,-1,-1,-1
100,11,17,96,144,370,1,-1,-1,-1
101,10,592,169,246,347,1,-1,-1,-1
101,11,17,93,162,370,1,-1,-1,-1
102,10,579,169,254,354,1,-1,-1,-1
102,11,10,93,174,355,1,-1,-1,-1
103,10,587,191,242,326,1,-1,-1,-1
103,11,12,103,189,339,1,-1,-1,-1
104,10,583,189,246,324,1,-1,-1,-1
104,11,19,117,192,319,1,-1,-1,-1
105,10,579,198,256,321,1,-1,-1,-1
105,11,18,115,202,311,1,-1,-1,-1
106,10,581,218,236,303,1,-1,-1,-1
106,11,7,102,231,332,1,-1,-1,-1
107,10,571,257,243,248,1,-1,-1,-1
107,11,10,145,234,273,1,-1,-1,-1
108,10,570,259,251,243,1,-1,-1,-1
108,11,2,156,252,273,1,-1,-1,-1
109,10,574,271,205,230,1,-1,-1,-1
109,11,3,174,256,235,1,-1,-1,-1
110,10,564,273,226,234,1,-1,-1,-1
110,11,3,228,260,195,1,-1,-1,-1
111,10,568,287,215,214,1,-1,-1,-1
111,11,4,251,266,171,1,-1,-1,-1
112,10,564,302,224,202,1,-1,-1,-1
112,11,8,277,272,154,1,-1,-1,-1
113,10,562,322,238,181,1,-1,-1,-1
113,11,4,281,283,141,1,-1,-1,-1
114,10,568,311,186,171,1,-1,-1,-1
114,11,8,289,291,143,1,-1,-1,-1
115,11,2,291,308,105,1,-1,-1,-1
116,17,567,327,210,162,1,-1,-1,-1
116,11,1,289,313,135,1,-1,-1,-1
117,11,5,285,306,152,1,-1,-1,-1
118,11,5,302,314,109,1,-1,-1,-1
119,11,1,278,332,151,1,-1,-1,-1
120,11,1,301,333,106,1,-1,-1,-1
121,11,1,294,341,114,1,-1,-1,-1
122,11,4,267,333,147,1,-1,-1,-1
123,11,3,277,339,133,1,-1,-1,-1
124,11,10,288,353,125,1,-1,-1,-1
125,11,7,293,352,101,1,-1,-1,-1
126,11,2,283,391,125,1,-1,-1,-1
127,11,2,271,366,140,1,-1,-1,-1
128,11,13,284,365,120,1,-1,-1,-1
129,11,6,271,366,137,1,-1,-1,-1
130,11,4,267,375,140,1,-1,-1,-1
131,11,1,272,389,149,1,-1,-1,-1
132,11,2,255,385,152,1,-1,-1,-1
132,18,345,4,154,79,1,-1,-1,-1
133,11,1,264,394,125,1,-1,-1,-1
133,18,350,5,155,96,1,-1,-1,-1
134,11,3,263,399,129,1,-1,-1,-1
134,18,344,5,158,88,1,-1,-1,-1
135,11,2,258,422,139,1,-1,-1,-1
135,18,338,5,153,96,1,-1,-1,-1
136,11,2,265,406,126,1,-1,-1,-1
136,19,321,59,162,97,1,-1,-1,-1
137,11,4,263,418,125,1,-1,-1,-1
137,20,324,4,166,109,1,-1,-1,-1
138,11,7,234,428,159,1,-1,-1,-1
138,20,329,4,154,118,1,-1,-1,-1
139,11,4,253,427,123,1,-1,-1,-1
139,20,322,4,162,118,1,-1,-1,-1
140,11,30,242,401,140,1,-1,-1,-1
140,20,351,3,150,115,1,-1,-1,-1
141,11,42,223,405,170,1,-1,-1,-1
141,20,327,9,147,106,1,-1,-1,-1
142,11,58,207,400,211,1,-1,-1,-1
142,20,329,8,132,119,1,-1,-1,-1
143,11,72,222,400,180,1,-1,-1,-1
143,20,330,3,138,116,1,-1,-1,-1
144,11,85,226,387,180,1,-1,-1,-1
144,20,322,2,162,127,1,-1,-1,-1
145,11,93,226,381,172,1,-1,-1,-1
145,20,345,5,143,121,1,-1,-1,-1
146,11,90,231,399,162,1,-1,-1,-1
146,20,319,4,156,129,1,-1,-1,-1
147,11,98,235,402,142,1,-1,-1,-1
147,21,658,3,122,80,1,-1,-1,-1
147,20,312,4,155,129,1,-1,-1,-1
148,11,91,236,408,136,1,-1,-1,-1
148,21,649,4,133,83,1,-1,-1,-1
148,20,310,6,152,140,1,-1,-1,-1
149,11,100,229,417,129,1,-1,-1,-1
149,21,649,3,132,86,1,-1,-1,-1
149,20,309,4,156,136,1,-1,-1,-1
150,11,101,229,420,142,1,-1,-1,-1
150,21,643,1,141,101,1,-1,-1,-1
150,20,299,3,162,145,1,-1,-1,-1
151,11,113,235,412,118,1,-1,-1,-1
151,21,632,3,148,95,1,-1,-1,-1
151,20,298,7,162,144,1,-1,-1,-1
152,11,125,223,416,155,1,-1,-1,-1
152,21,638,5,141,102,1,-1,-1,-1
152,20,300,8,160,145,1,-1,-1,-1
153,11,117,221,430,153,1,-1,-1,-1
153,21,622,4,162,110,1,-1,-1,-1
153,20,288,8,179,145,1,-1,-1,-1
154,11,131,228,426,147,1,-1,-1,-1
154,21,627,7,160,114,1,-1,-1,-1
154,20,297,5,160,150,1,-1,-1,-1
155,11,135,216,430,178,1,-1,-1,-1
155,21,623,1,169,114,1,-1,-1,-1
155,20,281,4,176,160,1,-1,-1,-1
156,11,147,218,413,164,1,-1,-1,-1
156,21,629,3,155,129,1,-1,-1,-1
156,20,280,6,172,159,1,-1,-1,-1
157,11,170,222,400,173,1,-1,-1,-1
157,21,628,4,144,130,1,-1,-1,-1
157,20,288,5,160,157,1,-1,-1,-1
158,11,181,225,391,176,1,-1,-1,-1
158,21,633,1,152,136,1,-1,-1,-1
158,20,290,3,149,165,1,-1,-1,-1
159,11,183,228,390,181,1,-1,-1,-1
159,21,623,4,155,140,1,-1,-1,-1
159,20,284,2,154,165,1,-1,-1,-1
160,11,194,232,383,172,1,-1,-1,-1
160,21,625,2,163,150,1,-1,-1,-1
160,20,273,2,161,167,1,-1,-1,-1
161,11,204,211,386,195,1,-1,-1,-1
161,21,634,6,155,156,1,-1,-1,-1
161,20,283,1,169,167,1,-1,-1,-1
162,11,212,221,383,196,1,-1,-1,-1
162,21,620,5,180,161,1,-1,-1,-1
162,20,259,3,192,163,1,-1,-1,-1
163,11,215,211,385,220,1,-1,-1,-1
163,21,607,4,198,172,1,-1,-1,-1
163,20,252,4,185,167,1,-1,-1,-1
164,11,231,212,373,211,1,-1,-1,-1
164,21,624,2,180,174,1,-1,-1,-1
164,20,253,5,192,167,1,-1,-1,-1
165,11,241,205,368,230,1,-1,-1,-1
165,21,614,2,188,190,1,-1,-1,-1
165,20,253,1,190,174,1,-1,-1,-1
166,11,260,199,352,243,1,-1,-1,-1
166,21,617,4,176,199,1,-1,-1,-1
166,20,254,1,181,168,1,-1,-1,-1
167,11,261,189,363,257,1,-1,-1,-1
167,21,628,4,149,202,1,-1,-1,-1
167,20,276,17,180,169,1,-1,-1,-1
168,11,264,181,371,283,1,-1,-1,-1
168,21,619,4,155,205,1,-1,-1,-1
168,20,255,5,169,158,1,-1,-1,-1
169,11,282,177,342,280,1,-1,-1,-1
169,21,624,1,150,236,1,-1,-1,-1
169,20,262,2,162,157,1,-1,-1,-1
170,11,294,182,334,285,1,-1,-1,-1
170,21,619,3,154,229,1,-1,-1,-1
170,20,255,5,175,154,1,-1,-1,-1
170,22,684,439,129,101,1,-1,-1,-1
171,11,304,175,328,302,1,-1,-1,-1
171,21,630,1,141,242,1,-1,-1,-1
171,20,263,1,160,170,1,-1,-1,-1
171,22,688,422,120,113,1,-1,-1,-1
172,11,302,173,321,312,1,-1,-1,-1
172,21,625,5,143,244,1,-1,-1,-1
172,20,261,1,162,165,1,-1,-1,-1
172,22,683,422,144,118,1,-1,-1,-1
173,11,302,184,321,311,1,-1,-1,-1
173,21,620,5,133,256,1,-1,-1,-1
173,20,253,4,156,165,1,-1,-1,-1
173,22,683,408,150,131,1,-1,-1,-1
174,11,305,188,320,323,1,-1,-1,-1
174,21,604,6,161,263,1,-1,-1,-1
174,20,260,4,152,172,1,-1,-1,-1
174,22,674,392,171,145,1,-1,-1,-1
175,11,322,195,303,324,1,-1,-1,-1
175,21,613,8,147,265,1,-1,-1,-1
175,20,262,5,155,162,1,-1,-1,-1
175,22,674,386,164,149,1,-1,-1,-1
176,11,334,202,287,332,1,-1,-1,-1
176,21,612,5,146,288,1,-1,-1,-1
176,20,268,3,155,165,1,-1,-1,-1
176,22,680,386,165,147,1,-1,-1,-1
177,11,347,199,273,332,1,-1,-1,-1
177,21,605,7,156,282,1,-1,-1,-1
177,20,265,2,157,146,1,-1,-1,-1
177,22,679,372,163,166,1,-1,-1,-1
178,11,353,193,267,339,1,-1,-1,-1
178,21,613,9,141,290,1,-1,-1,-1
178,20,265,4,157,144,1,-1,-1,-1
178,22,688,366,151,171,1,-1,-1,-1
179,11,372,193,257,341,1,-1,-1,-1
179,21,597,5,155,302,1,-1,-1,-1
179,20,268,5,163,157,1,-1,-1,-1
179,22,687,352,145,182,1,-1,-1,-1
180,11,388,191,243,343,1,-1,-1,-1
180,21,597,10,154,312,1,-1,-1,-1
180,20,270,6,167,142,1,-1,-1,-1
180,23,777,68,174,151,1,-1,-1,-1
180,22,694,342,150,192,1,-1,-1,-1
181,11,407,192,228,342,1,-1,-1,-1
181,21,591,7,160,312,1,-1,-1,-1
181,20,275,4,173,160,1,-1,-1,-1
181,22,703,344,149,187,1,-1,-1,-1
182,11,419,194,220,341,1,-1,-1,-1
182,21,595,8,152,325,1,-1,-1,-1
182,20,290,4,161,152,1,-1,-1,-1
182,22,703,338,150,196,1,-1,-1,-1
183,11,424,182,214,357,1,-1,-1,-1
183,21,590,6,160,332,1,-1,-1,-1
183,20,280,6,182,146,1,-1,-1,-1
183,24,775,67,176,214,1,-1,-1,-1
183,22,701,335,153,198,1,-1,-1,-1
184,11,438,185,196,350,1,-1,-1,-1
184,21,583,4,161,340,1,-1,-1,-1
184,20,278,8,173,146,1,-1,-1,-1
184,24,767,52,181,231,1,-1,-1,-1
184,22,695,331,159,207,1,-1,-1,-1
185,25,844,148,105,157,1,-1,-1,-1
185,11,456,201,180,331,1,-1,-1,-1
185,21,602,3,137,353,1,-1,-1,-1
185,20,294,4,154,150,1,-1,-1,-1
185,24,761,56,181,236,1,-1,-1,-1
185,22,698,325,156,208,1,-1,-1,-1
186,25,839,142,111,156,1,-1,-1,-1
186,11,468,199,163,336,1,-1,-1,-1
186,21,573,9,164,350,1,-1,-1,-1
186,20,297,4,156,158,1,-1,-1,-1
186,22,693,324,151,211,1,-1,-1,-1
187,25,837,143,108,136,1,-1,-1,-1
187,11,468,205,163,329,1,-1,-1,-1
187,21,572,3,180,363,1,-1,-1,-1
187,20,290,2,152,161,1,-1,-1,-1
187,22,681,319,162,217,1,-1,-1,-1
188,25,830,134,114,134,1,-1,-1,-1
188,11,475,212,159,327,1,-1,-1,-1
188,21,564,6,193,371,1,-1,-1,-1
188,20,283,2,160,173,1,-1,-1,-1
188,22,683,314,160,222,1,-1,-1,-1
189,25,824,132,127,142,1,-1,-1,-1
189,11,465,207,170,326,1,-1,-1,-1
189,21,550,13,201,361,1,-1,-1,-1
189,20,297,4,151,161,1,-1,-1,-1
189,22,680,297,163,240,1,-1,-1,-1
190,25,817,122,128,160,1,-1,-1,-1
190,11,463,222,170,311,1,-1,-1,-1
190,21,557,34,202,341,1,-1,-1,-1
190,20,285,5,165,152,1,-1,-1,-1
190,22,672,290,161,248,1,-1,-1,-1
191,25,812,117,137,172,1,-1,-1,-1
191,11,469,228,171,307,1,-1,-1,-1
191,21,542,19,200,358,1,-1,-1,-1
191,20,300,5,149,149,1,-1,-1,-1
191,22,660,286,170,250,1,-1,-1,-1
192,25,803,121,142,172,1,-1,-1,-1
192,11,484,241,137,291,1,-1,-1,-1
192,21,520,35,199,342,1,-1,-1,-1
192,20,277,6,183,148,1,-1,-1,-1
192,22,661,269,163,267,1,-1,-1,-1
193,25,794,113,151,196,1,-1,-1,-1
193,11,493,242,102,293,1,-1,-1,-1
193,21,500,46,222,329,1,-1,-1,-1
193,20,284,4,181,152,1,-1,-1,-1
193,22,662,257,153,277,1,-1,-1,-1
194,25,789,115,156,200,1,-1,-1,-1
194,21,500,61,220,327,1,-1,-1,-1
194,20,291,5,169,150,1,-1,-1,-1
194,22,662,259,157,278,1,-1,-1,-1
195,25,781,111,168,175,1,-1,-1,-1
195,21,489,78,233,323,1,-1,-1,-1
195,20,280,3,200,152,1,-1,-1,-1
195,22,662,239,159,294,1,-1,-1,-1
196,25,772,117,175,200,1,-1,-1,-1
196,21,484,102,236,312,1,-1,-1,-1
196,20,279,3,180,154,1,-1,-1,-1
196,22,659,241,150,294,1,-1,-1,-1
197,25,765,123,184,168,1,-1,-1,-1
197,21,463,117,260,294,1,-1,-1,-1
197,20,268,5,191,158,1,-1,-1,-1
197,22,658,231,162,309,1,-1,-1,-1
198,25,759,128,190,158,1,-1,-1,-1
198,21,457,123,290,302,1,-1,-1,-1
198,20,270,6,191,146,1,-1,-1,-1
198,22,662,225,158,311,1,-1,-1,-1
199,25,762,143,183,151,1,-1,-1,-1
199,21,439,145,319,301,1,-1,-1,-1
199,20,270,5,189,157,1,-1,-1,-1
199,22,664,207,143,333,1,-1,-1,-1
200,25,759,154,186,122,1,-1,-1,-1
200,21,417,267,277,188,1,-1,-1,-1
200,20,271,3,190,160,1,-1,-1,-1
200,22,673,205,128,329,1,-1,-1,-1
201,25,750,145,195,158,1,-1,-1,-1
201,21,421,273,262,198,1,-1,-1,-1
201,20,263,6,206,159,1,-1,-1,-1
201,22,665,199,130,332,1,-1,-1,-1
202,25,744,155,203,141,1,-1,-1,-1
202,21,412,266,276,213,1,-1,-1,-1
202,20,283,18,207,175,1,-1,-1,-1
202,22,674,196,120,329,1,-1,-1,-1
203,25,740,153,205,142,1,-1,-1,-1
203,21,399,244,273,250,1,-1,-1,-1
203,20,261,16,209,160,1,-1,-1,-1
203,22,665,189,142,346,1,-1,-1,-1
204,25,737,161,207,153,1,-1,-1,-1
204,21,398,268,279,235,1,-1,-1,-1
204,20,254,5,220,161,1,-1,-1,-1
204,22,663,181,147,353,1,-1,-1,-1
205,25,730,159,217,146,1,-1,-1,-1
205,21,392,278,282,245,1,-1,-1,-1
205,20,252,6,223,168,1,-1,-1,-1
205,22,652,187,142,345,1,-1,-1,-1
206,25,721,164,226,141,1,-1,-1,-1
206,21,388,267,281,266,1,-1,-1,-1
206,20,241,3,241,168,1,-1,-1,-1
206,22,647,182,148,349,1,-1,-1,-1
207,25,718,141,227,177,1,-1,-1,-1
207,21,380,274,280,264,1,-1,-1,-1
207,20,239,4,245,164,1,-1,-1,-1
207,22,634,172,166,361,1,-1,-1,-1
208,25,713,163,234,152,1,-1,-1,-1
208,21,373,268,294,270,1,-1,-1,-1
208,20,231,5,252,168,1,-1,-1,-1
208,22,632,164,169,372,1,-1,-1,-1
209,25,714,166,234,129,1,-1,-1,-1
209,21,368,265,292,273,1,-1,-1,-1
209,20,222,8,266,154,1,-1,-1,-1
209,22,614,162,183,366,1,-1,-1,-1
210,25,712,176,232,128,1,-1,-1,-1
210,21,357,272,297,262,1,-1,-1,-1
210,20,209,5,276,169,1,-1,-1,-1
210,22,610,149,197,372,1,-1,-1,-1
211,25,718,152,222,147,1,-1,-1,-1
211,21,361,256,299,276,1,-1,-1,-1
211,20,209,5,286,172,1,-1,-1,-1
211,22,609,146,203,369,1,-1,-1,-1
212,25,717,165,226,143,1,-1,-1,-1
212,21,352,272,287,257,1,-1,-1,-1
212,20,187,11,308,162,1,-1,-1,-1
212,22,607,135,208,367,1,-1,-1,-1
213,25,704,171,245,153,1,-1,-1,-1
213,21,342,277,306,261,1,-1,-1,-1
213,20,190,17,308,157,1,-1,-1,-1
213,22,595,128,228,358,1,-1,-1,-1
214,25,719,172,228,152,1,-1,-1,-1
214,21,340,308,309,223,1,-1,-1,-1
214,20,200,17,305,147,1,-1,-1,-1
214,22,595,116,237,362,1,-1,-1,-1
215,25,712,176,238,152,1,-1,-1,-1
215,21,333,334,304,200,1,-1,-1,-1
215,20,215,6,294,160,1,-1,-1,-1
215,22,584,119,254,347,1,-1,-1,-1
216,25,718,182,229,156,1,-1,-1,-1
216,21,343,353,276,182,1,-1,-1,-1
216,20,232,4,285,164,1,-1,-1,-1
216,22,579,98,264,363,1,-1,-1,-1
217,25,713,177,220,156,1,-1,-1,-1
217,21,355,369,248,165,1,-1,-1,-1
217,20,240,2,285,167,1,-1,-1,-1
217,22,575,106,272,345,1,-1,-1,-1
218,25,711,181,232,155,1,-1,-1,-1
218,21,362,356,231,165,1,-1,-1,-1
218,20,238,7,296,162,1,-1,-1,-1
218,22,563,95,304,340,1,-1,-1,-1
219,25,703,169,231,164,1,-1,-1,-1
219,21,352,356,224,180,1,-1,-1,-1
219,20,224,4,317,170,1,-1,-1,-1
219,22,558,93,296,332,1,-1,-1,-1
220,25,699,168,229,157,1,-1,-1,-1
220,20,219,12,332,157,1,-1,-1,-1
220,22,549,93,300,324,1,-1,-1,-1
221,25,695,171,237,150,1,-1,-1,-1
221,20,209,5,353,161,1,-1,-1,-1
221,22,537,84,310,322,1,-1,-1,-1
222,25,701,177,216,132,1,-1,-1,-1
222,20,202,4,365,155,1,-1,-1,-1
222,22,519,91,322,311,1,-1,-1,-1
223,25,696,172,218,149,1,-1,-1,-1
223,20,202,8,378,143,1,-1,-1,-1
223,22,508,96,317,302,1,-1,-1,-1
224,25,690,176,233,137,1,-1,-1,-1
224,20,191,4,399,134,1,-1,-1,-1
224,22,491,97,327,306,1,-1,-1,-1
225,25,693,178,211,140,1,-1,-1,-1
225,20,203,7,399,157,1,-1,-1,-1
225,22,470,94,331,291,1,-1,-1,-1
226,25,694,172,205,146,1,-1,-1,-1
226,20,218,11,396,140,1,-1,-1,-1
226,22,462,94,330,283,1,-1,-1,-1
227,25,702,174,212,151,1,-1,-1,-1
227,20,220,12,396,133,1,-1,-1,-1
227,22,460,101,333,264,1,-1,-1,-1
228,25,729,177,168,149,1,-1,-1,-1
228,20,239,5,390,146,1,-1,-1,-1
228,22,437,111,340,252,1,-1,-1,-1
229,25,728,165,177,169,1,-1,-1,-1
229,20,251,9,389,142,1,-1,-1,-1
229,22,430,108,354,247,1,-1,-1,-1
230,25,725,181,177,146,1,-1,-1,-1
230,20,267,26,395,120,1,-1,-1,-1
230,22,412,113,367,221,1,-1,-1,-1
231,25,717,168,172,159,1,-1,-1,-1
231,20,263,3,399,134,1,-1,-1,-1
231,22,405,119,377,199,1,-1,-1,-1
232,25,729,173,172,153,1,-1,-1,-1
232,20,270,6,410,112,1,-1,-1,-1
232,22,394,117,390,181,1,-1,-1,-1
233,25,730,166,161,151,1,-1,-1,-1
233,20,294,5,386,112,1,-1,-1,-1
233,22,388,112,368,165,1,-1,-1,-1
234,25,743,169,141,158,1,-1,-1,-1
234,20,300,4,389,119,1,-1,-1,-1
234,22,378,119,380,152,1,-1,-1,-1
235,25,738,171,144,132,1,-1,-1,-1
235,20,316,6,390,118,1,-1,-1,-1
235,22,368,101,386,168,1,-1,-1,-1
236,25,737,169,155,136,1,-1,-1,-1
236,20,327,12,387,112,1,-1,-1,-1
236,22,371,108,386,152,1,-1,-1,-1
237,25,741,161,141,140,1,-1,-1,-1
237,20,347,8,383,130,1,-1,-1,-1
237,22,342,119,417,144,1,-1,-1,-1
238,25,740,151,137,146,1,-1,-1,-1
238,20,359,5,398,128,1,-1,-1,-1
238,22,341,117,404,137,1,-1,-1,-1
239,25,753,165,127,126,1,-1,-1,-1
239,20,374,7,381,118,1,-1,-1,-1
239,22,324,114,416,140,1,-1,-1,-1
240,25,761,182,112,113,1,-1,-1,-1
240,20,369,4,405,115,1,-1,-1,-1
240,22,332,116,411,133,1,-1,-1,-1
241,25,737,157,131,138,1,-1,-1,-1
241,20,393,9,389,110,1,-1,-1,-1
241,22,320,118,425,140,1,-1,-1,-1
242,25,714,145,174,187,1,-1,-1,-1
242,20,407,8,393,103,1,-1,-1,-1
242,22,319,114,411,145,1,-1,-1,-1
243,25,733,157,132,166,1,-1,-1,-1
243,20,419,6,391,103,1,-1,-1,-1
243,22,313,122,405,145,1,-1,-1,-1
244,25,731,159,134,142,1,-1,-1,-1
244,20,427,3,404,105,1,-1,-1,-1
244,22,305,116,399,158,1,-1,-1,-1
245,25,719,154,139,158,1,-1,-1,-1
245,20,438,8,405,97,1,-1,-1,-1
245,22,313,113,381,180,1,-1,-1,-1
246,25,711,152,141,171,1,-1,-1,-1
246,20,455,4,397,93,1,-1,-1,-1
246,22,317,106,360,186,1,-1,-1,-1
247,25,724,146,129,161,1,-1,-1,-1
247,20,461,6,410,97,1,-1,-1,-1
247,22,310,105,353,198,1,-1,-1,-1
248,25,734,164,121,137,1,-1,-1,-1
248,20,482,4,403,103,1,-1,-1,-1
248,22,324,102,317,221,1,-1,-1,-1
249,25,735,155,124,159,1,-1,-1,-1
249,20,491,3,400,99,1,-1,-1,-1
249,22,325,91,298,229,1,-1,-1,-1
250,25,720,149,152,174,1,-1,-1,-1
250,20,509,5,392,100,1,-1,-1,-1
250,22,315,82,306,247,1,-1,-1,-1
251,25,718,139,136,178,1,-1,-1,-1
251,20,518,2,400,103,1,-1,-1,-1
251,22,303,60,297,268,1,-1,-1,-1
252,25,709,137,155,185,1,-1,-1,-1
252,20,525,6,397,95,1,-1,-1,-1
252,22,308,49,286,288,1,-1,-1,-1
253,25,708,135,163,181,1,-1,-1,-1
253,20,542,6,375,96,1,-1,-1,-1
253,22,305,33,272,313,1,-1,-1,-1
254,25,705,136,163,173,1,-1,-1,-1
254,20,558,5,374,93,1,-1,-1,-1
254,22,305,23,257,323,1,-1,-1,-1
255,25,703,132,168,169,1,-1,-1,-1
255,20,568,5,380,84,1,-1,-1,-1
255,22,312,16,232,336,1,-1,-1,-1
256,25,719,137,135,169,1,-1,-1,-1
256,20,573,8,368,97,1,-1,-1,-1
256,22,309,14,226,343,1,-1,-1,-1
257,25,712,133,139,173,1,-1,-1,-1
257,20,599,4,324,81,1,-1,-1,-1
257,22,300,17,220,344,1,-1,-1,-1
258,25,718,128,145,184,1,-1,-1,-1
258,20,613,3,325,89,1,-1,-1,-1
258,22,309,6,214,353,1,-1,-1,-1
259,25,729,123,120,185,1,-1,-1,-1
259,22,308,12,191,353,1,-1,-1,-1
260,25,695,121,170,200,1,-1,-1,-1
260,26,621,2,327,73,1,-1,-1,-1
260,22,304,10,181,363,1,-1,-1,-1
261,25,694,107,173,219,1,-1,-1,-1
261,22,299,6,183,372,1,-1,-1,-1
262,25,699,95,168,231,1,-1,-1,-1
262,22,305,9,162,375,1,-1,-1,-1
263,25,708,109,161,235,1,-1,-1,-1
263,22,308,9,164,373,1,-1,-1,-1
264,27,842,119,105,176,1,-1,-1,-1
264,28,860,9,91,122,1,-1,-1,-1
264,22,300,12,155,382,1,-1,-1,-1
265,27,837,102,114,217,1,-1,-1,-1
265,29,707,136,140,211,1,-1,-1,-1
265,28,841,22,111,126,1,-1,-1,-1
265,22,308,15,134,368,1,-1,-1,-1
266,29,691,143,162,206,1,-1,-1,-1
266,22,307,22,148,363,1,-1,-1,-1
267,30,829,127,118,189,1,-1,-1,-1
267,29,688,139,167,192,1,-1,-1,-1
267,22,298,27,157,366,1,-1,-1,-1
268,29,695,135,165,232,1,-1,-1,-1
268,22,301,24,157,364,1,-1,-1,-1
269,31,851,3,100,165,1,-1,-1,-1
269,22,309,22,138,376,1,-1,-1,-1
270,32,690,140,153,216,1,-1,-1,-1
270,22,310,33,131,360,1,-1,-1,-1
271,32,699,160,156,205,1,-1,-1,-1
271,33,850,1,99,187,1,-1,-1,-1
271,22,307,38,154,358,1,-1,-1,-1
272,32,695,146,154,243,1,-1,-1,-1
272,33,861,3,87,214,1,-1,-1,-1
272,22,303,29,143,366,1,-1,-1,-1
273,32,696,133,159,256,1,-1,-1,-1
273,33,832,2,113,202,1,-1,-1,-1
273,22,297,37,151,374,1,-1,-1,-1
274,32,693,148,161,237,1,-1,-1,-1
274,33,837,6,111,209,1,-1,-1,-1
274,22,296,37,157,359,1,-1,-1,-1
275,32,702,131,159,263,1,-1,-1,-1
275,33,834,6,115,218,1,-1,-1,-1
275,22,302,39,149,363,1,-1,-1,-1
276,32,698,118,157,286,1,-1,-1,-1
276,33,840,8,102,220,1,-1,-1,-1
276,22,300,48,150,360,1,-1,-1,-1
277,32,700,124,161,282,1,-1,-1,-1
277,33,849,3,95,244,1,-1,-1,-1
277,22,302,45,148,366,1,-1,-1,-1
278,32,679,108,191,310,1,-1,-1,-1
278,33,848,1,102,247,1,-1,-1,-1
278,22,290,50,167,366,1,-1,-1,-1
279,32,678,109,209,325,1,-1,-1,-1
279,33,839,5,108,242,1,-1,-1,-1
279,22,296,50,185,365,1,-1,-1,-1
280,32,687,115,197,319,1,-1,-1,-1
280,33,853,6,96,256,1,-1,-1,-1
280,22,295,46,192,385,1,-1,-1,-1
281,32,676,108,201,342,1,-1,-1,-1
281,33,850,4,97,251,1,-1,-1,-1
281,22,293,55,191,357,1,-1,-1,-1
282,32,677,143,224,328,1,-1,-1,-1
282,33,852,2,98,256,1,-1,-1,-1
282,22,305,56,163,357,1,-1,-1,-1
283,32,670,123,230,339,1,-1,-1,-1
283,33,823,10,103,263,1,-1,-1,-1
283,22,299,63,178,358,1,-1,-1,-1
284,32,681,124,208,350,1,-1,-1,-1
284,33,857,9,87,256,1,-1,-1,-1
284,22,308,58,170,370,1,-1,-1,-1
285,34,808,116,127,312,1,-1,-1,-1
285,32,691,123,193,384,1,-1,-1,-1
285,33,851,6,97,270,1,-1,-1,-1
285,22,291,59,198,372,1,-1,-1,-1
286,34,809,126,134,322,1,-1,-1,-1
286,32,687,130,188,361,1,-1,-1,-1
286,33,869,7,83,275,1,-1,-1,-1
286,22,298,65,189,362,1,-1,-1,-1
287,32,699,128,175,380,1,-1,-1,-1
287,33,858,3,89,278,1,-1,-1,-1
287,22,268,55,209,361,1,-1,-1,-1
288,35,803,112,139,361,1,-1,-1,-1
288,32,698,131,179,375,1,-1,-1,-1
288,33,864,5,83,273,1,-1,-1,-1
288,22,275,63,220,361,1,-1,-1,-1
289,35,805,117,138,357,1,-1,-1,-1
289,32,704,130,176,397,1,-1,-1,-1
289,33,852,4,98,272,1,-1,-1,-1
289,22,263,68,222,357,1,-1,-1,-1
290,35,798,46,144,449,1,-1,-1,-1
290,32,707,132,165,390,1,-1,-1,-1
290,33,839,2,110,256,1,-1,-1,-1
290,22,271,68,212,356,1,-1,-1,-1
291,35,784,85,157,406,1,-1,-1,-1
291,32,707,136,167,395,1,-1,-1,-1
291,33,840,7,110,266,1,-1,-1,-1
291,22,272,69,212,373,1,-1,-1,-1
292,35,782,59,170,437,1,-1,-1,-1
292,32,719,132,154,395,1,-1,-1,-1
292,33,838,5,114,276,1,-1,-1,-1
292,22,266,70,214,368,1,-1,-1,-1
293,35,791,52,152,464,1,-1,-1,-1
293,32,712,137,178,403,1,-1,-1,-1
293,33,821,4,128,268,1,-1,-1,-1
293,22,265,68,226,368,1,-1,-1,-1
294,35,779,51,172,463,1,-1,-1,-1
294,32,697,145,186,393,1,-1,-1,-1
294,33,801,2,149,264,1,-1,-1,-1
294,22,258,73,242,368,1,-1,-1,-1
295,35,792,61,160,475,1,-1,-1,-1
295,32,719,152,162,379,1,-1,-1,-1
295,22,252,72,236,371,1,-1,-1,-1
296,35,781,61,160,472,1,-1,-1,-1
296,32,709,154,174,386,1,-1,-1,-1
296,36,819,2,130,270,1,-1,-1,-1
296,22,250,83,232,351,1,-1,-1,-1
297,35,781,71,170,463,1,-1,-1,-1
297,32,708,155,172,384,1,-1,-1,-1
297,36,831,5,120,258,1,-1,-1,-1
297,22,235,87,254,346,1,-1,-1,-1
298,35,764,83,178,453,1,-1,-1,-1
298,32,715,173,166,362,1,-1,-1,-1
298,36,831,3,118,273,1,-1,-1,-1
298,22,235,96,247,339,1,-1,-1,-1
299,35,767,91,177,444,1,-1,-1,-1
299,32,717,174,173,355,1,-1,-1,-1
299,36,829,7,121,249,1,-1,-1,-1
299,22,250,92,250,355,1,-1,-1,-1
300,35,785,102,156,436,1,-1,-1,-1
300,32,718,157,165,376,1,-1,-1,-1
300,36,860,25,90,282,1,-1,-1,-1
300,22,265,91,227,346,1,-1,-1,-1
301,35,761,124,183,409,1,-1,-1,-1
301,32,722,208,161,331,1,-1,-1,-1
301,36,828,21,124,264,1,-1,-1,-1
301,22,264,77,238,366,1,-1,-1,-1
302,35,755,115,195,421,1,-1,-1,-1
302,32,714,213,170,327,1,-1,-1,-1
302,36,818,46,130,233,1,-1,-1,-1
302,22,271,74,242,378,1,-1,-1,-1
303,35,749,144,202,396,1,-1,-1,-1
303,32,719,216,159,321,1,-1,-1,-1
303,36,807,52,142,222,1,-1,-1,-1
303,22,274,73,248,393,1,-1,-1,-1
304,22,282,69,231,403,1,-1,-1,-1
305,37,753,138,190,310,1,-1,-1,-1
305,22,283,79,239,373,1,-1,-1,-1
306,37,760,152,163,271,1,-1,-1,-1
306,22,284,77,248,390,1,-1,-1,-1
307,37,772,169,180,296,1,-1,-1,-1
307,22,280,84,254,393,1,-1,-1,-1
308,37,773,149,170,289,1,-1,-1,-1
308,22,282,92,247,379,1,-1,-1,-1
309,22,272,92,280,377,1,-1,-1,-1
310,22,280,96,255,390,1,-1,-1,-1
311,38,821,203,131,336,1,-1,-1,-1
311,22,290,97,248,392,1,-1,-1,-1
312,38,810,204,132,290,1,-1,-1,-1
312,22,285,102,266,383,1,-1,-1,-1
313,22,286,118,269,381,1,-1,-1,-1
314,22,283,115,272,378,1,-1,-1,-1
315,39,807,225,134,302,1,-1,-1,-1
315,22,285,112,267,381,1,-1,-1,-1
316,39,799,267,140,249,1,-1,-1,-1
316,22,277,109,290,397,1,-1,-1,-1
317,22,283,124,280,379,1,-1,-1,-1
318,22,277,116,300,405,1,-1,-1,-1
319,22,274,122,301,391,1,-1,-1,-1
320,40,845,287,104,248,1,-1,-1,-1
320,22,290,134,288,380,1,-1,-1,-1
321,22,294,144,286,369,1,-1,-1,-1
322,22,295,139,282,374,1,-1,-1,-1
323,22,295,145,290,374,1,-1,-1,-1
324,22,291,146,294,378,1,-1,-1,-1
325,22,302,147,299,378,1,-1,-1,-1
326,22,305,156,297,376,1,-1,-1,-1
327,22,305,154,293,375,1,-1,-1,-1
328,22,318,165,280,363,1,-1,-1,-1
329,22,319,164,294,364,1,-1,-1,-1
330,22,329,164,279,370,1,-1,-1,-1
331,22,332,175,278,359,1,-1,-1,-1
332,22,332,174,281,362,1,-1,-1,-1
333,22,341,179,274,357,1,-1,-1,-1
334,22,337,184,290,355,1,-1,-1,-1
335,22,351,182,290,349,1,-1,-1,-1
336,22,362,193,288,339,1,-1,-1,-1
337,22,378,193,275,339,1,-1,-1,-1
338,22,379,195,295,339,1,-1,-1,-1
339,22,372,207,310,326,1,-1,-1,-1
340,22,368,211,320,318,1,-1,-1,-1
341,22,362,224,336,310,1,-1,-1,-1
342,22,355,229,346,295,1,-1,-1,-1
343,22,339,251,359,282,1,-1,-1,-1
344,22,333,253,382,281,1,-1,-1,-1
345,22,315,260,400,270,1,-1,-1,-1
346,22,305,272,427,260,1,-1,-1,-1
347,22,304,289,430,246,1,-1,-1,-1
348,22,304,299,429,217,1,-1,-1,-1
349,22,298,314,438,202,1,-1,-1,-1
350,22,301,326,439,187,1,-1,-1,-1
351,22,302,327,450,186,1,-1,-1,-1
352,22,309,335,443,173,1,-1,-1,-1
353,22,309,344,469,179,1,-1,-1,-1
354,22,313,349,451,178,1,-1,-1,-1
355,22,329,361,436,150,1,-1,-1,-1
356,22,323,364,444,151,1,-1,-1,-1
357,22,345,349,437,156,1,-1,-1,-1
358,22,340,336,470,186,1,-1,-1,-1
359,22,352,337,442,185,1,-1,-1,-1
360,22,361,336,433,171,1,-1,-1,-1
361,22,363,338,432,165,1,-1,-1,-1
362,22,373,343,437,166,1,-1,-1,-1
363,22,377,354,446,163,1,-1,-1,-1
364,22,380,361,444,152,1,-1,-1,-1
365,22,369,359,461,157,1,-1,-1,-1
366,22,370,369,459,144,1,-1,-1,-1
367,22,378,376,470,132,1,-1,-1,-1
368,22,397,355,430,152,1,-1,-1,-1
369,22,424,345,407,160,1,-1,-1,-1
370,22,445,317,404,187,1,-1,-1,-1
371,22,451,317,380,190,1,-1,-1,-1
372,22,451,301,377,202,1,-1,-1,-1
373,22,458,303,379,220,1,-1,-1,-1
374,22,472,289,365,210,1,-1,-1,-1
375,22,462,283,383,226,1,-1,-1,-1
376,22,471,275,363,238,1,-1,-1,-1
377,22,486,265,356,241,1,-1,-1,-1
378,22,492,262,363,243,1,-1,-1,-1
379,22,500,253,355,263,1,-1,-1,-1
380,22,518,243,340,282,1,-1,-1,-1
381,22,524,241,333,284,1,-1,-1,-1
382,22,529,233,338,301,1,-1,-1,-1
383,22,549,228,313,312,1,-1,-1,-1
384,22,558,214,311,322,1,-1,-1,-1
385,22,564,213,306,319,1,-1,-1,-1
386,22,573,211,299,323,1,-1,-1,-1
387,22,592,207,281,324,1,-1,-1,-1
388,41,883,188,69,167,1,-1,-1,-1
388,22,600,202,272,325,1,-1,-1,-1
389,41,863,174,88,203,1,-1,-1,-1
389,22,587,189,270,318,1,-1,-1,-1
390,41,852,165,100,226,1,-1,-1,-1
390,22,599,159,271,343,1,-1,-1,-1
391,41,834,152,118,217,1,-1,-1,-1
391,22,601,153,274,335,1,-1,-1,-1
392,41,827,128,125,238,1,-1,-1,-1
392,22,614,133,247,344,1,-1,-1,-1
393,41,815,111,135,226,1,-1,-1,-1
393,22,613,129,249,335,1,-1,-1,-1
394,41,808,98,143,263,1,-1,-1,-1
394,22,637,124,212,332,1,-1,-1,-1
395,41,802,71,150,268,1,-1,-1,-1
395,22,669,114,179,353,1,-1,-1,-1
396,41,798,64,154,284,1,-1,-1,-1
396,22,669,114,176,353,1,-1,-1,-1
397,42,751,467,89,69,1,-1,-1,-1
397,41,792,55,158,293,1,-1,-1,-1
397,22,678,103,156,361,1,-1,-1,-1
398,42,741,459,97,79,1,-1,-1,-1
398,41,778,38,174,317,1,-1,-1,-1
398,22,693,96,140,368,1,-1,-1,-1
399,42,744,457,91,79,1,-1,-1,-1
399,41,767,17,185,341,1,-1,-1,-1
399,43,891,72,61,170,1,-1,-1,-1
399,22,682,92,141,360,1,-1,-1,-1
400,42,745,447,95,87,1,-1,-1,-1
400,41,751,12,196,340,1,-1,-1,-1
400,43,894,69,58,184,1,-1,-1,-1
400,22,675,86,155,350,1,-1,-1,-1
401,42,723,434,116,103,1,-1,-1,-1
401,41,743,6,181,340,1,-1,-1,-1
401,43,883,62,67,166,1,-1,-1,-1
401,22,673,78,159,352,1,-1,-1,-1
402,42,718,422,121,113,1,-1,-1,-1
402,41,728,6,190,336,1,-1,-1,-1
402,43,885,56,67,190,1,-1,-1,-1
402,22,655,83,179,344,1,-1,-1,-1
403,42,714,414,120,121,1,-1,-1,-1
403,41,721,4,163,314,1,-1,-1,-1
403,43,871,56,81,199,1,-1,-1,-1
403,22,645,71,189,350,1,-1,-1,-1
404,42,714,411,115,125,1,-1,-1,-1
404,41,722,5,173,281,1,-1,-1,-1
404,43,870,46,82,191,1,-1,-1,-1
404,22,632,76,202,338,1,-1,-1,-1
405,42,705,398,125,136,1,-1,-1,-1
405,41,720,4,191,270,1,-1,-1,-1
405,43,865,38,86,199,1,-1,-1,-1
405,22,620,72,220,336,1,-1,-1,-1
406,42,711,387,111,147,1,-1,-1,-1
406,41,708,2,181,256,1,-1,-1,-1
406,43,855,37,89,215,1,-1,-1,-1
406,22,607,71,245,325,1,-1,-1,-1
407,42,703,377,151,156,1,-1,-1,-1
407,43,871,35,81,205,1,-1,-1,-1
407,22,604,65,236,311,1,-1,-1,-1
408,42,702,366,133,169,1,-1,-1,-1
408,43,857,11,94,224,1,-1,-1,-1
408,22,590,58,258,309,1,-1,-1,-1
409,42,697,353,132,179,1,-1,-1,-1
409,43,824,27,127,198,1,-1,-1,-1
409,22,585,55,267,292,1,-1,-1,-1
410,42,699,337,114,199,1,-1,-1,-1
410,43,834,34,116,187,1,-1,-1,-1
410,22,578,52,274,293,1,-1,-1,-1
411,42,704,325,100,209,1,-1,-1,-1
411,43,833,25,119,184,1,-1,-1,-1
411,22,567,48,290,265,1,-1,-1,-1
412,42,699,312,119,221,1,-1,-1,-1
412,43,817,28,133,173,1,-1,-1,-1
412,22,559,42,299,280,1,-1,-1,-1
413,42,701,311,108,222,1,-1,-1,-1
413,43,792,18,155,184,1,-1,-1,-1
413,22,550,37,323,265,1,-1,-1,-1
414,42,688,299,113,230,1,-1,-1,-1
414,43,784,21,161,185,1,-1,-1,-1
414,22,542,23,327,266,1,-1,-1,-1
415,42,685,288,122,243,1,-1,-1,-1
415,43,759,24,189,154,1,-1,-1,-1
415,22,541,15,327,250,1,-1,-1,-1
416,42,678,275,125,258,1,-1,-1,-1
416,43,751,23,200,173,1,-1,-1,-1
416,22,538,7,325,242,1,-1,-1,-1
417,42,680,268,127,265,1,-1,-1,-1
417,43,742,17,208,166,1,-1,-1,-1
417,22,533,2,323,226,1,-1,-1,-1
418,42,672,249,133,283,1,-1,-1,-1
418,43,740,31,208,145,1,-1,-1,-1
418,22,548,6,316,214,1,-1,-1,-1
419,44,348,439,95,98,1,-1,-1,-1
419,42,671,249,131,280,1,-1,-1,-1
419,43,717,23,232,154,1,-1,-1,-1
419,22,535,3,298,216,1,-1,-1,-1
420,44,353,428,90,105,1,-1,-1,-1
420,42,672,243,125,290,1,-1,-1,-1
420,43,710,16,237,149,1,-1,-1,-1
420,22,530,7,293,196,1,-1,-1,-1
421,44,335,414,112,122,1,-1,-1,-1
421,42,667,227,134,302,1,-1,-1,-1
421,43,697,14,252,151,1,-1,-1,-1
421,22,534,3,283,211,1,-1,-1,-1
422,44,343,412,121,121,1,-1,-1,-1
422,42,670,216,144,315,1,-1,-1,-1
422,43,688,18,264,129,1,-1,-1,-1
422,22,531,4,258,221,1,-1,-1,-1
423,44,315,397,142,137,1,-1,-1,-1
423,42,671,207,144,321,1,-1,-1,-1
423,43,675,18,270,138,1,-1,-1,-1
423,22,527,4,247,205,1,-1,-1,-1
424,44,335,381,119,151,1,-1,-1,-1
424,42,674,191,143,336,1,-1,-1,-1
424,43,668,11,277,144,1,-1,-1,-1
424,22,521,4,227,215,1,-1,-1,-1
425,44,330,378,136,157,1,-1,-1,-1
425,42,669,177,158,358,1,-1,-1,-1
425,43,653,11,298,151,1,-1,-1,-1
425,22,504,6,189,203,1,-1,-1,-1
426,44,337,374,130,154,1,-1,-1,-1
426,42,665,167,165,362,1,-1,-1,-1
426,43,639,5,308,143,1,-1,-1,-1
426,22,505,5,187,210,1,-1,-1,-1
427,44,332,362,143,170,1,-1,-1,-1
427,42,661,168,169,338,1,-1,-1,-1
427,43,640,4,308,141,1,-1,-1,-1
428,44,328,357,146,176,1,-1,-1,-1
428,42,654,165,171,317,1,-1,-1,-1
428,43,634,3,307,163,1,-1,-1,-1
428,45,492,6,189,219,1,-1,-1,-1
429,44,330,359,159,173,1,-1,-1,-1
429,42,649,162,178,311,1,-1,-1,-1
429,43,619,5,323,147,1,-1,-1,-1
429,45,502,5,161,220,1,-1,-1,-1
430,44,322,362,166,170,1,-1,-1,-1
430,42,664,159,149,303,1,-1,-1,-1
430,43,612,3,337,165,1,-1,-1,-1
431,44,332,356,172,171,1,-1,-1,-1
431,42,661,155,158,306,1,-1,-1,-1
431,43,601,8,344,157,1,-1,-1,-1
432,44,321,355,188,182,1,-1,-1,-1
432,42,658,145,167,316,1,-1,-1,-1
432,43,591,4,357,161,1,-1,-1,-1
433,44,323,354,196,181,1,-1,-1,-1
433,42,664,145,173,304,1,-1,-1,-1
433,43,589,7,354,144,1,-1,-1,-1
434,44,332,351,202,178,1,-1,-1,-1
434,42,667,139,181,304,1,-1,-1,-1
434,43,574,11,367,184,1,-1,-1,-1
435,44,331,352,210,184,1,-1,-1,-1
435,42,654,135,199,289,1,-1,-1,-1
435,43,574,15,354,157,1,-1,-1,-1
436,44,320,348,229,186,1,-1,-1,-1
436,42,643,132,219,284,1,-1,-1,-1
436,43,553,17,370,155,1,-1,-1,-1
437,44,315,349,240,184,1,-1,-1,-1
437,42,644,122,225,284,1,-1,-1,-1
437,43,545,6,372,160,1,-1,-1,-1
438,44,310,346,249,187,1,-1,-1,-1
438,42,637,112,243,289,1,-1,-1,-1
438,43,524,7,374,180,1,-1,-1,-1
439,44,313,348,254,184,1,-1,-1,-1
439,42,638,112,247,262,1,-1,-1,-1
439,43,518,8,371,181,1,-1,-1,-1
440,44,312,332,266,202,1,-1,-1,-1
440,42,634,102,257,265,1,-1,-1,-1
440,43,511,4,369,178,1,-1,-1,-1
441,44,307,331,274,201,1,-1,-1,-1
441,42,630,93,274,263,1,-1,-1,-1
441,43,498,4,383,188,1,-1,-1,-1
442,44,298,325,292,206,1,-1,-1,-1
442,42,620,88,292,255,1,-1,-1,-1
442,43,497,1,354,188,1,-1,-1,-1
443,44,298,328,299,206,1,-1,-1,-1
443,42,625,81,287,258,1,-1,-1,-1
443,43,489,1,354,199,1,-1,-1,-1
444,44,302,339,297,189,1,-1,-1,-1
444,42,621,75,302,251,1,-1,-1,-1
444,43,483,3,342,197,1,-1,-1,-1
445,44,303,323,306,205,1,-1,-1,-1
445,42,633,76,298,230,1,-1,-1,-1
445,43,480,5,332,197,1,-1,-1,-1
446,46,852,428,99,107,1,-1,-1,-1
446,42,641,61,297,242,1,-1,-1,-1
447,47,288,325,329,212,1,-1,-1,-1
447,46,847,426,101,109,1,-1,-1,-1
447,42,640,56,308,232,1,-1,-1,-1
447,48,460,2,351,207,1,-1,-1,-1
448,47,302,328,321,197,1,-1,-1,-1
448,46,847,431,102,103,1,-1,-1,-1
448,42,647,53,297,251,1,-1,-1,-1
448,48,460,3,338,212,1,-1,-1,-1
449,47,274,331,354,195,1,-1,-1,-1
449,46,838,422,112,112,1,-1,-1,-1
449,42,648,57,301,236,1,-1,-1,-1
449,48,463,6,322,204,1,-1,-1,-1
450,47,232,318,399,215,1,-1,-1,-1
450,46,828,429,123,107,1,-1,-1,-1
450,42,657,55,290,233,1,-1,-1,-1
450,48,452,10,324,210,1,-1,-1,-1
451,47,241,318,391,209,1,-1,-1,-1
451,46,817,425,135,110,1,-1,-1,-1
451,42,655,42,290,243,1,-1,-1,-1
451,48,458,6,326,222,1,-1,-1,-1
452,47,239,313,404,211,1,-1,-1,-1
452,46,810,418,138,116,1,-1,-1,-1
452,42,690,36,257,251,1,-1,-1,-1
452,48,441,6,338,222,1,-1,-1,-1
453,47,240,301,403,212,1,-1,-1,-1
453,46,803,408,145,127,1,-1,-1,-1
453,42,694,33,252,238,1,-1,-1,-1
453,49,851,226,100,118,1,-1,-1,-1
453,48,442,5,341,223,1,-1,-1,-1
454,47,249,300,410,206,1,-1,-1,-1
454,46,804,414,151,122,1,-1,-1,-1
454,42,691,32,254,233,1,-1,-1,-1
454,48,437,5,331,230,1,-1,-1,-1
455,46,792,406,160,130,1,-1,-1,-1
455,42,689,21,258,238,1,-1,-1,-1
455,50,839,223,113,115,1,-1,-1,-1
455,48,432,5,326,236,1,-1,-1,-1
456,51,261,287,402,227,1,-1,-1,-1
456,46,783,404,161,131,1,-1,-1,-1
456,42,710,22,236,241,1,-1,-1,-1
456,50,834,228,114,121,1,-1,-1,-1
456,48,433,5,315,224,1,-1,-1,-1
457,51,240,260,389,229,1,-1,-1,-1
457,46,778,399,170,130,1,-1,-1,-1
457,42,708,25,241,230,1,-1,-1,-1
457,50,833,196,114,158,1,-1,-1,-1
457,48,429,3,306,221,1,-1,-1,-1
458,51,284,271,388,251,1,-1,-1,-1
458,46,773,392,174,140,1,-1,-1,-1
458,42,704,22,245,227,1,-1,-1,-1
458,48,430,8,301,215,1,-1,-1,-1
459,51,309,273,373,236,1,-1,-1,-1
459,46,762,387,187,148,1,-1,-1,-1
459,42,725,21,227,221,1,-1,-1,-1
459,48,426,3,294,223,1,-1,-1,-1
460,51,307,268,371,263,1,-1,-1,-1
460,46,752,383,198,150,1,-1,-1,-1
460,52,807,211,142,130,1,-1,-1,-1
460,48,425,4,294,228,1,-1,-1,-1
461,51,312,267,377,262,1,-1,-1,-1
461,46,743,375,206,161,1,-1,-1,-1
461,52,792,212,154,121,1,-1,-1,-1
461,48,423,9,289,220,1,-1,-1,-1
462,46,735,375,210,157,1,-1,-1,-1
462,53,760,15,188,204,1,-1,-1,-1
462,52,780,208,166,129,1,-1,-1,-1
462,48,425,4,277,222,1,-1,-1,-1
463,54,344,252,358,285,1,-1,-1,-1
463,46,723,367,225,169,1,-1,-1,-1
463,53,773,19,176,192,1,-1,-1,-1
463,52,781,201,168,131,1,-1,-1,-1
463,48,422,9,275,218,1,-1,-1,-1
464,54,395,248,311,284,1,-1,-1,-1
464,46,725,355,223,181,1,-1,-1,-1
464,53,777,26,171,177,1,-1,-1,-1
464,52,767,193,183,144,1,-1,-1,-1
464,48,412,6,285,220,1,-1,-1,-1
465,54,420,247,297,284,1,-1,-1,-1
465,46,709,359,242,177,1,-1,-1,-1
465,55,734,78,166,159,1,-1,-1,-1
465,52,758,188,191,147,1,-1,-1,-1
465,48,405,12,279,219,1,-1,-1,-1
466,46,707,363,241,174,1,-1,-1,-1
466,56,791,32,160,162,1,-1,-1,-1
466,52,750,183,198,143,1,-1,-1,-1
466,48,401,8,285,223,1,-1,-1,-1
467,57,419,235,308,291,1,-1,-1,-1
467,46,695,364,253,168,1,-1,-1,-1
467,56,781,33,169,148,1,-1,-1,-1
467,52,745,189,207,146,1,-1,-1,-1
467,48,395,6,283,230,1,-1,-1,-1
468,57,443,231,288,290,1,-1,-1,-1
468,46,682,363,264,169,1,-1,-1,-1
468,56,782,36,168,140,1,-1,-1,-1
468,48,392,9,273,226,1,-1,-1,-1
469,57,431,222,299,309,1,-1,-1,-1
469,46,678,363,267,171,1,-1,-1,-1
469,58,733,167,215,160,1,-1,-1,-1
469,48,382,11,282,228,1,-1,-1,-1
470,57,420,217,316,309,1,-1,-1,-1
470,46,664,358,284,175,1,-1,-1,-1
470,58,727,156,224,160,1,-1,-1,-1
470,48,388,11,279,232,1,-1,-1,-1
471,57,419,205,315,332,1,-1,-1,-1
471,46,659,355,288,181,1,-1,-1,-1
471,58,718,158,230,168,1,-1,-1,-1
471,48,383,14,277,233,1,-1,-1,-1
472,57,423,192,308,329,1,-1,-1,-1
472,46,642,358,305,175,1,-1,-1,-1
472,58,727,148,222,173,1,-1,-1,-1
472,48,381,19,273,229,1,-1,-1,-1
473,57,413,176,326,332,1,-1,-1,-1
473,46,642,357,298,171,1,-1,-1,-1
473,58,715,139,235,185,1,-1,-1,-1
473,48,374,21,273,230,1,-1,-1,-1
474,57,409,168,322,318,1,-1,-1,-1
474,46,628,347,321,188,1,-1,-1,-1
474,58,715,124,235,200,1,-1,-1,-1
474,48,380,22,254,226,1,-1,-1,-1
475,57,428,158,310,327,1,-1,-1,-1
475,46,621,357,318,175,1,-1,-1,-1
475,58,660,137,240,216,1,-1,-1,-1
475,48,387,17,242,242,1,-1,-1,-1
476,57,431,153,311,316,1,-1,-1,-1
476,46,607,356,326,181,1,-1,-1,-1
476,58,702,108,246,222,1,-1,-1,-1
476,48,388,18,232,249,1,-1,-1,-1
477,57,449,136,291,343,1,-1,-1,-1
477,46,601,346,330,185,1,-1,-1,-1
477,58,700,102,245,223,1,-1,-1,-1
477,48,403,13,208,251,1,-1,-1,-1
478,57,487,137,263,327,1,-1,-1,-1
478,46,596,355,341,171,1,-1,-1,-1
478,58,691,87,255,248,1,-1,-1,-1
478,48,398,13,199,262,1,-1,-1,-1
479,57,482,124,270,361,1,-1,-1,-1
479,46,582,355,359,172,1,-1,-1,-1
479,58,698,85,246,253,1,-1,-1,-1
479,48,399,12,190,279,1,-1,-1,-1
480,57,499,128,257,354,1,-1,-1,-1
480,46,570,361,364,164,1,-1,-1,-1
480,58,697,87,244,259,1,-1,-1,-1
480,48,394,19,181,267,1,-1,-1,-1
481,57,505,111,256,372,1,-1,-1,-1
481,46,571,361,368,172,1,-1,-1,-1
481,58,698,78,253,279,1,-1,-1,-1
481,48,384,26,193,252,1,-1,-1,-1
482,57,535,105,231,379,1,-1,-1,-1
482,46,564,365,355,157,1,-1,-1,-1
482,58,702,62,247,315,1,-1,-1,-1
482,48,378,12,194,259,1,-1,-1,-1
483,57,550,86,215,408,1,-1,-1,-1
483,46,539,374,391,128,1,-1,-1,-1
483,58,697,47,251,318,1,-1,-1,-1
483,48,395,10,158,270,1,-1,-1,-1
484,57,570,83,210,396,1,-1,-1,-1
484,46,529,368,404,137,1,-1,-1,-1
484,58,712,47,237,324,1,-1,-1,-1
484,48,389,11,161,263,1,-1,-1,-1
485,57,595,69,199,408,1,-1,-1,-1
485,46,528,372,407,129,1,-1,-1,-1
485,58,714,43,233,304,1,-1,-1,-1
485,48,385,7,163,274,1,-1,-1,-1
486,57,607,75,208,358,1,-1,-1,-1
486,46,504,361,427,131,1,-1,-1,-1
486,58,717,36,232,311,1,-1,-1,-1
486,48,388,9,160,282,1,-1,-1,-1
487,57,604,78,208,308,1,-1,-1,-1
487,46,499,348,413,144,1,-1,-1,-1
487,58,713,31,234,310,1,-1,-1,-1
487,48,400,9,151,280,1,-1,-1,-1
488,57,595,66,228,317,1,-1,-1,-1
488,46,487,339,395,154,1,-1,-1,-1
488,58,713,14,215,319,1,-1,-1,-1
488,48,400,7,157,272,1,-1,-1,-1
489,57,601,65,232,324,1,-1,-1,-1
489,46,484,327,406,167,1,-1,-1,-1
489,58,695,8,220,333,1,-1,-1,-1
489,48,405,13,145,256,1,-1,-1,-1
490,57,583,79,249,314,1,-1,-1,-1
490,46,473,335,380,157,1,-1,-1,-1
490,58,679,12,223,339,1,-1,-1,-1
490,48,401,18,155,257,1,-1,-1,-1
491,57,587,71,257,287,1,-1,-1,-1
491,46,463,326,378,162,1,-1,-1,-1
491,58,690,7,179,344,1,-1,-1,-1
491,48,405,6,140,266,1,-1,-1,-1
492,57,591,71,270,296,1,-1,-1,-1
492,46,451,316,384,179,1,-1,-1,-1
492,58,691,9,165,327,1,-1,-1,-1
492,48,399,12,152,259,1,-1,-1,-1
493,57,582,61,281,295,1,-1,-1,-1
493,46,447,311,374,174,1,-1,-1,-1
493,58,700,5,133,351,1,-1,-1,-1
493,48,399,9,168,265,1,-1,-1,-1
494,57,556,77,305,276,1,-1,-1,-1
494,46,437,306,380,169,1,-1,-1,-1
494,58,688,1,136,357,1,-1,-1,-1
494,48,400,16,169,257,1,-1,-1,-1
495,57,541,47,337,286,1,-1,-1,-1
495,46,421,297,378,191,1,-1,-1,-1
495,58,697,1,108,337,1,-1,-1,-1
495,48,407,13,155,261,1,-1,-1,-1
496,57,539,55,355,280,1,-1,-1,-1
496,46,407,292,368,217,1,-1,-1,-1
496,58,697,1,107,319,1,-1,-1,-1
496,48,408,15,177,258,1,-1,-1,-1
497,57,527,54,366,280,1,-1,-1,-1
497,46,401,283,356,222,1,-1,-1,-1
497,48,387,11,197,266,1,-1,-1,-1
498,57,518,53,389,290,1,-1,-1,-1
498,46,388,278,365,235,1,-1,-1,-1
498,48,397,6,188,270,1,-1,-1,-1
499,57,555,76,360,215,1,-1,-1,-1
499,46,383,273,347,234,1,-1,-1,-1
499,48,390,16,190,260,1,-1,-1,-1
500,57,587,76,331,183,1,-1,-1,-1
500,46,368,262,356,247,1,-1,-1,-1
500,48,390,18,197,254,1,-1,-1,-1
501,57,565,62,359,213,1,-1,-1,-1
501,46,348,249,345,259,1,-1,-1,-1
501,48,388,9,204,257,1,-1,-1,-1
502,57,585,54,347,208,1,-1,-1,-1
502,46,352,245,330,256,1,-1,-1,-1
502,48,384,17,220,255,1,-1,-1,-1
503,57,591,53,344,248,1,-1,-1,-1
503,46,339,237,343,270,1,-1,-1,-1
503,48,387,19,222,249,1,-1,-1,-1
504,57,577,51,367,205,1,-1,-1,-1
504,46,330,236,332,265,1,-1,-1,-1
504,48,380,19,237,246,1,-1,-1,-1
505,57,596,63,346,201,1,-1,-1,-1
505,46,315,227,320,264,1,-1,-1,-1
505,48,369,26,244,242,1,-1,-1,-1
506,57,584,62,359,194,1,-1,-1,-1
506,46,314,215,335,270,1,-1,-1,-1
506,48,364,36,260,240,1,-1,-1,-1
507,57,582,66,366,181,1,-1,-1,-1
507,46,304,212,331,260,1,-1,-1,-1
507,48,355,46,282,245,1,-1,-1,-1
508,57,609,48,339,164,1,-1,-1,-1
508,46,298,204,321,253,1,-1,-1,-1
508,48,342,57,297,220,1,-1,-1,-1
509,57,598,50,348,174,1,-1,-1,-1
509,46,291,193,324,274,1,-1,-1,-1
509,48,339,58,314,217,1,-1,-1,-1
510,57,583,56,369,156,1,-1,-1,-1
510,46,278,186,325,258,1,-1,-1,-1
510,48,327,68,324,195,1,-1,-1,-1
511,57,571,53,380,194,1,-1,-1,-1
511,46,281,176,320,251,1,-1,-1,-1
511,48,317,89,342,183,1,-1,-1,-1
512,57,582,43,367,193,1,-1,-1,-1
512,46,272,164,305,277,1,-1,-1,-1
512,48,317,95,347,174,1,-1,-1,-1
513,57,580,51,372,168,1,-1,-1,-1
513,46,269,156,301,269,1,-1,-1,-1
513,48,303,102,379,156,1,-1,-1,-1
514,57,632,25,320,196,1,-1,-1,-1
514,46,280,137,287,245,1,-1,-1,-1
514,48,352,113,336,143,1,-1,-1,-1
515,57,615,33,333,184,1,-1,-1,-1
515,46,285,117,305,281,1,-1,-1,-1
515,48,377,109,321,149,1,-1,-1,-1
516,57,641,24,300,205,1,-1,-1,-1
516,46,282,107,262,256,1,-1,-1,-1
516,48,353,103,352,143,1,-1,-1,-1
517,57,634,31,317,200,1,-1,-1,-1
517,46,284,99,249,254,1,-1,-1,-1
517,48,381,103,337,153,1,-1,-1,-1
518,57,665,22,287,222,1,-1,-1,-1
518,46,278,89,233,273,1,-1,-1,-1
518,48,373,112,348,150,1,-1,-1,-1
519,57,687,25,263,257,1,-1,-1,-1
519,46,283,83,218,292,1,-1,-1,-1
519,48,365,113,358,145,1,-1,-1,-1
520,57,672,41,278,223,1,-1,-1,-1
520,46,269,71,201,313,1,-1,-1,-1
520,48,363,127,369,132,1,-1,-1,-1
521,57,683,29,267,209,1,-1,-1,-1
521,46,260,62,198,325,1,-1,-1,-1
521,48,355,123,390,142,1,-1,-1,-1
522,57,697,43,253,226,1,-1,-1,-1
522,46,261,55,180,344,1,-1,-1,-1
522,48,372,126,378,146,1,-1,-1,-1
523,57,694,15,256,233,1,-1,-1,-1
523,46,261,36,156,353,1,-1,-1,-1
523,48,381,135,371,136,1,-1,-1,-1
524,57,716,18,232,216,1,-1,-1,-1
524,46,253,28,148,355,1,-1,-1,-1
524,48,387,123,380,153,1,-1,-1,-1
525,57,703,13,247,254,1,-1,-1,-1
525,46,245,24,152,354,1,-1,-1,-1
525,48,391,123,384,166,1,-1,-1,-1
526,57,718,21,234,241,1,-1,-1,-1
526,46,252,16,128,350,1,-1,-1,-1
526,48,394,122,397,169,1,-1,-1,-1
527,46,245,6,138,346,1,-1,-1,-1
527,48,405,102,394,200,1,-1,-1,-1
528,59,732,22,216,261,1,-1,-1,-1
528,46,241,3,150,339,1,-1,-1,-1
528,48,428,105,379,212,1,-1,-1,-1
529,59,762,17,186,256,1,-1,-1,-1
529,46,245,6,160,320,1,-1,-1,-1
529,48,439,113,370,196,1,-1,-1,-1
530,59,754,28,193,257,1,-1,-1,-1
530,46,234,3,164,309,1,-1,-1,-1
530,48,435,114,370,205,1,-1,-1,-1
531,46,239,4,165,285,1,-1,-1,-1
531,48,458,143,354,195,1,-1,-1,-1
532,46,238,6,162,277,1,-1,-1,-1
532,48,469,144,352,203,1,-1,-1,-1
533,60,777,42,171,271,1,-1,-1,-1
533,46,245,4,178,302,1,-1,-1,-1
533,48,490,143,324,219,1,-1,-1,-1
534,46,241,4,142,250,1,-1,-1,-1
534,48,507,143,305,239,1,-1,-1,-1
535,46,249,7,114,241,1,-1,-1,-1
535,48,524,135,294,260,1,-1,-1,-1
536,46,242,4,145,252,1,-1,-1,-1
536,48,519,139,300,264,1,-1,-1,-1
