1,1,354,259,276,247,1,1,0,0
1,2,342,408,140,132,1,1,0,0
1,3,218,173,371,136,1,1,0,0
1,4,352,72,367,240,1,1,0,0
2,1,362,276,260,228,1,1,0,0
2,2,341,415,129,123,1,1,0,0
2,3,227,166,373,146,1,1,0,0
2,4,349,61,378,205,1,1,0,0
3,1,355,282,273,217,1,1,0,0
3,2,345,418,136,122,1,1,0,0
3,3,233,172,373,141,1,1,0,0
3,4,341,59,360,183,1,1,0,0
4,1,337,289,300,214,1,1,0,0
4,2,332,411,145,128,1,1,0,0
4,3,238,159,372,157,1,1,0,0
4,4,341,57,372,191,1,1,0,0
5,1,334,307,298,194,1,1,0,0
5,2,330,403,143,133,1,1,0,0
5,3,247,156,365,166,1,1,0,0
5,4,333,65,366,169,1,1,0,0
6,1,323,318,318,179,1,1,0,0
6,2,324,404,148,134,1,1,0,0
6,3,252,147,371,178,1,1,0,0
6,4,319,54,368,177,1,1,0,0
7,1,308,334,325,166,1,1,0,0
7,2,312,402,161,138,1,1,0,0
7,3,260,156,365,179,1,1,0,0
7,4,307,67,378,184,1,1,0,0
8,1,302,337,351,167,1,1,0,0
8,2,312,395,153,143,1,1,0,0
8,3,271,157,362,181,1,1,0,0
8,4,302,69,386,180,1,1,0,0
9,1,312,356,340,153,1,1,0,0
9,2,303,392,157,144,1,1,0,0
9,3,277,155,365,184,1,1,0,0
9,4,292,58,388,177,1,1,0,0
10,1,294,339,380,165,1,1,0,0
10,2,301,391,169,149,1,1,0,0
10,3,269,151,376,194,1,1,0,0
10,4,269,54,396,195,1,1,0,0
11,1,352,371,309,131,1,1,0,0
11,2,308,385,140,152,1,1,0,0
11,3,284,149,373,188,1,1,0,0
11,4,279,73,372,143,1,1,0,0
12,1,354,366,326,155,1,1,0,0
12,2,304,381,146,158,1,1,0,0
12,3,297,153,353,191,1,1,0,0
12,4,277,57,357,160,1,1,0,0
13,1,357,362,313,158,1,1,0,0
13,2,295,369,155,171,1,1,0,0
13,3,324,153,339,208,1,1,0,0
13,4,259,59,362,162,1,1,0,0
14,1,346,345,323,170,1,1,0,0
14,2,297,372,135,168,1,1,0,0
14,3,324,153,345,201,1,1,0,0
14,4,268,57,344,150,1,1,0,0
15,1,324,348,370,175,1,1,0,0
15,2,299,362,141,176,1,1,0,0
15,3,345,141,334,206,1,1,0,0
15,4,264,59,337,163,1,1,0,0
16,1,347,348,355,172,1,1,0,0
16,2,295,359,136,178,1,1,0,0
16,3,349,144,339,217,1,1,0,0
16,4,251,66,353,140,1,1,0,0
17,1,351,312,354,215,1,1,0,0
17,2,285,346,145,190,1,1,0,0
17,3,369,133,333,225,1,1,0,0
17,4,258,61,340,155,1,1,0,0
18,1,362,316,363,212,1,1,0,0
18,2,282,352,150,183,1,1,0,0
18,3,394,148,315,217,1,1,0,0
18,4,240,59,357,147,1,1,0,0
19,1,365,317,359,216,1,1,0,0
19,2,281,346,158,186,1,1,0,0
19,3,402,156,311,218,1,1,0,0
19,4,252,58,345,164,1,1,0,0
19,5,882,164,69,252,1,1,0,0
20,1,369,329,361,203,1,1,0,0
20,2,272,343,156,195,1,1,0,0
20,3,398,143,325,234,1,1,0,0
20,4,249,57,337,184,1,1,0,0
20,5,887,158,60,263,1,1,0,0
21,1,375,338,367,202,1,1,0,0
21,2,279,341,139,192,1,1,0,0
21,3,405,146,322,236,1,1,0,0
21,4,252,53,322,186,1,1,0,0
21,5,877,179,72,252,1,1,0,0
22,1,359,326,381,208,1,1,0,0
22,2,263,339,152,195,1,1,0,0
22,3,391,155,338,230,1,1,0,0
22,4,243,100,324,185,1,1,0,0
22,5,878,191,69,253,1,1,0,0
23,1,361,336,385,197,1,1,0,0
23,2,261,335,153,201,1,1,0,0
23,3,391,166,352,219,1,1,0,0
23,4,253,55,311,198,1,1,0,0
23,5,869,187,79,247,1,1,0,0
24,1,363,344,383,190,1,1,0,0
24,2,255,335,157,199,1,1,0,0
24,3,384,172,359,225,1,1,0,0
24,4,248,47,309,217,1,1,0,0
24,5,864,205,83,236,1,1,0,0
25,1,352,353,410,183,1,1,0,0
25,2,249,331,173,204,1,1,0,0
25,3,385,186,365,221,1,1,0,0
25,4,255,36,290,232,1,1,0,0
25,5,879,211,65,270,1,1,0,0
26,1,370,355,382,181,1,1,0,0
26,2,241,332,176,202,1,1,0,0
26,3,383,189,376,220,1,1,0,0
26,4,254,26,290,245,1,1,0,0
26,5,869,206,79,251,1,1,0,0
27,1,380,368,373,172,1,1,0,0
27,2,239,324,185,210,1,1,0,0
27,3,385,195,383,220,1,1,0,0
27,4,243,26,287,256,1,1,0,0
27,5,865,207,78,277,1,1,0,0
28,1,352,384,418,154,1,1,0,0
28,2,229,324,196,210,1,1,0,0
28,3,388,208,375,212,1,1,0,0
28,4,248,17,286,256,1,1,0,0
28,5,868,212,80,257,1,1,0,0
29,1,378,389,392,145,1,1,0,0
29,2,215,318,212,214,1,1,0,0
29,3,405,219,382,206,1,1,0,0
29,4,243,12,288,264,1,1,0,0
29,5,864,221,84,251,1,1,0,0
30,1,371,411,397,125,1,1,0,0
30,2,223,317,192,215,1,1,0,0
30,3,404,213,377,214,1,1,0,0
30,4,243,3,257,282,1,1,0,0
30,5,870,222,79,262,1,1,0,0
31,1,374,414,385,121,1,1,0,0
31,2,214,306,197,223,1,1,0,0
31,3,414,208,383,218,1,1,0,0
31,4,243,11,262,272,1,1,0,0
31,5,859,237,89,252,1,1,0,0
32,1,363,421,402,114,1,1,0,0
32,2,212,314,200,218,1,1,0,0
32,3,425,212,380,220,1,1,0,0
32,4,244,7,246,280,1,1,0,0
32,5,862,188,83,307,1,1,0,0
33,1,375,417,382,119,1,1,0,0
33,2,201,302,218,234,1,1,0,0
33,3,437,199,374,230,1,1,0,0
33,4,250,2,211,294,1,1,0,0
33,5,854,217,94,281,1,1,0,0
34,1,389,412,371,126,1,1,0,0
34,2,203,297,209,238,1,1,0,0
34,3,458,195,359,242,1,1,0,0
34,4,241,6,232,293,1,1,0,0
34,5,841,209,105,290,1,1,0,0
35,1,385,407,372,130,1,1,0,0
35,2,190,291,221,249,1,1,0,0
35,3,465,191,364,241,1,1,0,0
35,4,240,5,229,283,1,1,0,0
35,5,838,191,110,324,1,1,0,0
36,1,392,400,357,134,1,1,0,0
36,2,182,286,216,248,1,1,0,0
36,3,473,193,360,242,1,1,0,0
36,4,243,8,222,284,1,1,0,0
36,5,828,237,117,267,1,1,0,0
37,1,388,401,359,135,1,1,0,0
37,2,182,288,217,241,1,1,0,0
37,3,488,194,360,255,1,1,0,0
37,4,248,8,209,286,1,1,0,0
37,5,821,285,123,236,1,1,0,0
38,1,394,401,344,139,1,1,0,0
38,2,175,285,219,252,1,1,0,0
38,3,500,204,350,241,1,1,0,0
38,4,258,2,185,300,1,1,0,0
38,5,811,244,140,271,1,1,0,0
39,1,408,405,340,128,1,1,0,0
39,2,177,276,229,254,1,1,0,0
39,3,494,211,364,220,1,1,0,0
39,4,255,3,176,304,1,1,0,0
39,5,795,308,156,215,1,1,0,0
40,1,398,403,341,132,1,1,0,0
40,2,168,284,230,252,1,1,0,0
40,3,493,223,378,224,1,1,0,0
40,4,271,2,160,305,1,1,0,0
40,5,799,314,147,215,1,1,0,0
41,1,408,404,326,136,1,1,0,0
41,2,171,273,217,254,1,1,0,0
41,3,492,229,385,222,1,1,0,0
41,4,277,4,142,307,1,1,0,0
41,5,793,315,152,218,1,1,0,0
42,1,406,404,322,131,1,1,0,0
42,2,161,268,231,265,1,1,0,0
42,3,488,238,394,227,1,1,0,0
42,4,267,4,155,319,1,1,0,0
42,5,797,334,150,194,1,1,0,0
43,1,411,406,317,131,1,1,0,0
43,2,159,273,232,261,1,1,0,0
43,3,474,253,408,219,1,1,0,0
43,4,269,2,149,325,1,1,0,0
43,5,798,324,150,213,1,1,0,0
44,1,411,433,324,101,1,1,0,0
44,2,150,268,241,267,1,1,0,0
44,3,489,261,400,205,1,1,0,0
44,4,278,5,156,316,1,1,0,0
44,5,793,337,156,197,1,1,0,0
44,6,688,5,137,120,1,1,0,0
45,1,412,421,322,115,1,1,0,0
45,2,149,267,244,267,1,1,0,0
45,3,521,246,369,219,1,1,0,0
45,4,285,4,155,318,1,1,0,0
45,5,784,362,163,175,1,1,0,0
45,6,687,3,137,130,1,1,0,0
46,1,419,435,313,100,1,1,0,0
46,2,139,266,244,272,1,1,0,0
46,3,547,248,334,233,1,1,0,0
46,4,265,1,184,320,1,1,0,0
46,5,778,355,169,181,1,1,0,0
46,6,668,3,165,142,1,1,0,0
47,1,412,423,326,117,1,1,0,0
47,2,137,261,241,268,1,1,0,0
47,3,564,256,325,223,1,1,0,0
47,4,279,5,179,310,1,1,0,0
47,5,787,355,163,180,1,1,0,0
47,6,663,5,156,153,1,1,0,0
48,1,409,431,323,105,1,1,0,0
48,2,131,255,249,279,1,1,0,0
48,3,556,267,324,213,1,1,0,0
48,4,277,5,193,314,1,1,0,0
48,5,772,356,177,182,1,1,0,0
48,6,667,5,173,164,1,1,0,0
49,1,403,427,338,110,1,1,0,0
49,2,123,245,260,290,1,1,0,0
49,3,567,283,323,190,1,1,0,0
49,4,277,4,197,320,1,1,0,0
49,5,775,357,173,180,1,1,0,0
49,6,668,3,166,183,1,1,0,0
50,1,409,426,318,112,1,1,0,0
50,3,569,285,331,191,1,1,0,0
50,4,279,18,193,311,1,1,0,0
50,5,775,353,173,184,1,1,0,0
50,6,649,2,180,194,1,1,0,0
51,1,406,422,317,118,1,1,0,0
51,2,117,242,254,291,1,1,0,0
51,3,553,276,356,188,1,1,0,0
51,4,272,22,209,313,1,1,0,0
51,5,778,343,174,194,1,1,0,0
51,6,660,3,169,201,1,1,0,0
52,1,404,432,317,107,1,1,0,0
52,2,112,238,258,298,1,1,0,0
52,3,555,269,362,190,1,1,0,0
52,4,271,28,211,314,1,1,0,0
52,5,773,356,171,179,1,1,0,0
52,6,658,3,185,219,1,1,0,0
53,2,102,238,271,298,1,1,0,0
53,3,577,262,351,209,1,1,0,0
53,4,251,43,241,309,1,1,0,0
53,5,795,354,147,182,1,1,0,0
53,6,655,3,175,230,1,1,0,0
54,1,421,447,282,88,1,1,0,0
54,2,105,237,265,295,1,1,0,0
54,3,589,262,349,214,1,1,0,0
54,4,215,63,261,303,1,1,0,0
54,5,764,348,185,185,1,1,0,0
54,6,650,6,181,238,1,1,0,0
55,1,424,441,283,99,1,1,0,0
55,2,98,230,280,301,1,1,0,0
55,3,601,249,344,244,1,1,0,0
55,4,234,59,277,305,1,1,0,0
55,5,750,349,202,187,1,1,0,0
55,6,645,1,190,248,1,1,0,0
56,2,91,225,276,306,1,1,0,0
56,3,608,248,339,256,1,1,0,0
56,4,221,68,288,301,1,1,0,0
56,5,760,345,184,190,1,1,0,0
56,6,650,5,182,259,1,1,0,0
57,2,87,223,282,306,1,1,0,0
57,4,209,83,306,294,1,1,0,0
57,6,645,2,188,275,1,1,0,0
58,2,87,221,275,308,1,1,0,0
58,3,647,219,305,296,1,1,0,0
58,4,207,84,316,302,1,1,0,0
58,5,759,328,193,208,1,1,0,0
58,6,655,9,178,276,1,1,0,0
59,2,85,211,277,317,1,1,0,0
59,3,652,231,300,290,1,1,0,0
59,4,213,107,317,281,1,1,0,0
59,5,762,352,155,178,1,1,0,0
59,6,641,6,199,286,1,1,0,0
60,2,80,207,274,319,1,1,0,0
60,3,672,227,280,269,1,1,0,0
60,4,218,117,316,279,1,1,0,0
60,5,777,362,125,176,1,1,0,0
60,6,648,6,187,296,1,1,0,0
61,2,77,204,274,331,1,1,0,0
61,3,650,222,299,258,1,1,0,0
61,4,229,117,306,282,1,1,0,0
61,6,642,6,198,306,1,1,0,0
62,2,73,202,272,315,1,1,0,0
62,3,660,203,292,254,1,1,0,0
62,4,242,118,305,288,1,1,0,0
62,5,773,346,127,193,1,1,0,0
62,6,631,7,205,321,1,1,0,0
63,2,67,198,275,317,1,1,0,0
63,3,668,183,284,254,1,1,0,0
63,4,255,114,300,301,1,1,0,0
63,5,762,373,133,163,1,1,0,0
63,6,628,3,216,335,1,1,0,0
64,2,67,195,273,320,1,1,0,0
64,3,664,188,285,248,1,1,0,0
64,4,265,112,295,301,1,1,0,0
64,5,769,373,134,165,1,1,0,0
64,6,637,3,206,339,1,1,0,0
65,2,62,193,271,318,1,1,0,0
65,3,685,184,267,235,1,1,0,0
65,4,270,112,291,304,1,1,0,0
65,5,759,398,125,140,1,1,0,0
65,6,633,4,210,345,1,1,0,0
66,2,58,184,267,324,1,1,0,0
66,3,713,159,239,265,1,1,0,0
66,4,282,109,282,315,1,1,0,0
66,6,624,4,218,351,1,1,0,0
67,2,55,183,265,322,1,1,0,0
67,3,742,186,210,236,1,1,0,0
67,4,289,116,282,323,1,1,0,0
67,6,640,6,193,359,1,1,0,0
68,2,50,178,270,319,1,1,0,0
68,3,762,142,185,301,1,1,0,0
68,4,302,116,278,326,1,1,0,0
68,6,620,4,221,363,1,1,0,0
69,2,51,172,267,326,1,1,0,0
69,3,775,157,177,288,1,1,0,0
69,4,322,121,260,327,1,1,0,0
69,5,762,378,180,156,1,1,0,0
69,6,615,5,212,373,1,1,0,0
70,2,51,172,262,327,1,1,0,0
70,3,807,145,143,289,1,1,0,0
70,4,311,136,280,318,1,1,0,0
70,5,743,402,174,134,1,1,0,0
70,6,625,20,199,375,1,1,0,0
71,2,41,169,263,323,1,1,0,0
71,4,301,148,293,308,1,1,0,0
71,6,621,0,184,395,1,1,0,0
72,2,31,174,269,308,1,1,0,0
72,4,300,159,309,310,1,1,0,0
72,6,617,4,197,392,1,1,0,0
73,2,15,179,267,296,1,1,0,0
73,4,318,171,300,295,1,1,0,0
73,6,616,3,184,404,1,1,0,0
74,2,2,178,259,293,1,1,0,0
74,4,345,162,282,312,1,1,0,0
74,6,612,4,195,402,1,1,0,0
75,2,2,178,246,299,1,1,0,0
75,4,361,156,273,326,1,1,0,0
75,6,611,3,218,410,1,1,0,0
76,2,2,185,239,288,1,1,0,0
76,4,372,148,271,338,1,1,0,0
76,6,623,4,183,417,1,1,0,0
77,2,9,170,229,288,1,1,0,0
77,4,389,163,264,331,1,1,0,0
77,6,617,16,186,407,1,1,0,0
78,2,14,182,244,260,1,1,0,0
78,4,387,168,268,337,1,1,0,0
78,6,607,20,195,416,1,1,0,0
79,2,2,171,251,260,1,1,0,0
79,4,391,176,269,351,1,1,0,0
79,6,597,16,203,430,1,1,0,0
80,2,3,195,251,232,1,1,0,0
80,4,374,189,294,340,1,1,0,0
80,6,593,36,210,413,1,1,0,0
81,2,9,201,249,190,1,1,0,0
81,4,378,211,292,324,1,1,0,0
81,6,595,34,223,422,1,1,0,0
82,2,4,187,274,201,1,1,0,0
82,4,367,221,314,317,1,1,0,0
82,6,594,55,234,408,1,1,0,0
83,2,1,169,307,236,1,1,0,0
83,4,361,243,340,290,1,1,0,0
83,6,604,77,234,391,1,1,0,0
84,2,0,164,300,251,1,1,0,0
84,4,379,257,325,283,1,1,0,0
84,6,605,86,247,391,1,1,0,0
85,2,4,177,297,220,1,1,0,0
85,4,390,247,324,293,1,1,0,0
85,6,610,92,245,394,1,1,0,0
86,2,4,180,286,204,1,1,0,0
86,4,413,263,309,274,1,1,0,0
86,6,612,116,229,375,1,1,0,0
87,2,5,181,277,228,1,1,0,0
87,4,410,253,321,280,1,1,0,0
87,6,620,123,220,382,1,1,0,0
88,2,4,174,263,253,1,1,0,0
88,4,425,257,297,274,1,1,0,0
88,6,625,131,202,382,1,1,0,0
89,2,11,161,245,280,1,1,0,0
89,4,430,271,313,269,1,1,0,0
89,6,629,127,201,395,1,1,0,0
90,2,15,164,239,263,1,1,0,0
90,4,430,282,328,256,1,1,0,0
90,6,630,129,183,405,1,1,0,0
91,2,13,142,237,297,1,1,0,0
91,6,622,116,204,423,1,1,0,0
92,2,18,138,223,293,1,1,0,0
92,6,621,98,207,437,1,1,0,0
93,2,17,140,211,302,1,1,0,0
93,6,604,98,244,428,1,1,0,0
94,2,19,134,191,308,1,1,0,0
94,6,601,117,221,416,1,1,0,0
95,2,5,119,177,328,1,1,0,0
95,6,607,128,224,390,1,1,0,0
96,2,3,99,157,350,1,1,0,0
96,6,590,134,260,379,1,1,0,0
97,2,7,103,148,350,1,1,0,0
97,6,609,142,243,375,1,1,0,0
98,2,4,92,151,365,1,1,0,0
98,6,600,167,235,334,1,1,0,0
99,2,4,95,157,359,1,1,0,0
99,6,603,173,241,320,1,1,0,0
100,2,17,96,144,370,1,1,0,0
100,6,624,161,205,354,1,1,0,0
101,2,17,93,162,370,1,1,0,0
101,6,592,169,246,347,1,1,0,0
102,2,10,93,174,355,1,1,0,0
102,6,579,169,254,354,1,1,0,0
103,2,12,103,189,339,1,1,0,0
103,6,587,191,242,326,1,1,0,0
104,2,19,117,192,319,1,1,0,0
104,6,583,189,246,324,1,1,0,0
105,2,18,115,202,311,1,1,0,0
105,6,579,198,256,321,1,1,0,0
106,2,7,102,231,332,1,1,0,0
106,6,581,218,236,303,1,1,0,0
107,2,10,145,234,273,1,1,0,0
107,6,571,257,243,248,1,1,0,0
108,2,2,156,252,273,1,1,0,0
108,6,570,259,251,243,1,1,0,0
109,2,3,174,256,235,1,1,0,0
109,6,574,271,205,230,1,1,0,0
110,2,3,228,260,195,1,1,0,0
110,6,564,273,226,234,1,1,0,0
111,2,4,251,266,171,1,1,0,0
111,6,568,287,215,214,1,1,0,0
112,2,8,277,272,154,1,1,0,0
112,6,564,302,224,202,1,1,0,0
113,2,4,281,283,141,1,1,0,0
113,6,562,322,238,181,1,1,0,0
114,2,8,289,291,143,1,1,0,0
114,6,568,311,186,171,1,1,0,0
115,2,2,291,308,105,1,1,0,0
116,2,0,289,313,135,1,1,0,0
116,6,567,327,210,162,1,1,0,0
117,2,5,285,306,152,1,1,0,0
118,2,5,302,314,109,1,1,0,0
119,2,0,278,332,151,1,1,0,0
120,2,0,301,333,106,1,1,0,0
121,2,0,294,341,114,1,1,0,0
122,2,4,267,333,147,1,1,0,0
123,2,3,277,339,133,1,1,0,0
124,2,10,288,353,125,1,1,0,0
125,2,7,293,352,101,1,1,0,0
126,2,2,283,391,125,1,1,0,0
127,2,2,271,366,140,1,1,0,0
128,2,13,284,365,120,1,1,0,0
129,2,6,271,366,137,1,1,0,0
130,2,4,267,375,140,1,1,0,0
131,2,1,272,389,149,1,1,0,0
132,2,2,255,385,152,1,1,0,0
132,7,345,4,154,79,1,1,0,0
133,2,0,264,394,125,1,1,0,0
133,7,350,5,155,96,1,1,0,0
134,2,3,263,399,129,1,1,0,0
134,7,344,5,158,88,1,1,0,0
135,2,2,258,422,139,1,1,0,0
135,7,338,5,153,96,1,1,0,0
136,2,2,265,406,126,1,1,0,0
136,7,321,59,162,97,1,1,0,0
137,2,4,263,418,125,1,1,0,0
137,7,324,4,166,109,1,1,0,0
138,2,7,234,428,159,1,1,0,0
138,7,329,4,154,118,1,1,0,0
139,2,4,253,427,123,1,1,0,0
139,7,322,4,162,118,1,1,0,0
140,2,30,242,401,140,1,1,0,0
140,7,351,3,150,115,1,1,0,0
141,2,42,223,405,170,1,1,0,0
141,7,327,9,147,106,1,1,0,0
142,2,58,207,400,211,1,1,0,0
142,7,329,8,132,119,1,1,0,0
143,2,72,222,400,180,1,1,0,0
143,7,330,3,138,116,1,1,0,0
144,2,85,226,387,180,1,1,0,0
144,7,322,2,162,127,1,1,0,0
145,2,93,226,381,172,1,1,0,0
145,7,345,5,143,121,1,1,0,0
146,2,90,231,399,162,1,1,0,0
146,7,319,4,156,129,1,1,0,0
147,2,98,235,402,142,1,1,0,0
147,7,312,4,155,129,1,1,0,0
147,8,658,3,122,80,1,1,0,0
148,2,91,236,408,136,1,1,0,0
148,7,310,6,152,140,1,1,0,0
148,8,649,4,133,83,1,1,0,0
149,2,100,229,417,129,1,1,0,0
149,7,309,4,156,136,1,1,0,0
149,8,649,3,132,86,1,1,0,0
150,2,101,229,420,142,1,1,0,0
150,7,299,3,162,145,1,1,0,0
150,8,643,1,141,101,1,1,0,0
151,2,113,235,412,118,1,1,0,0
151,7,298,7,162,144,1,1,0,0
151,8,632,3,148,95,1,1,0,0
152,2,125,223,416,155,1,1,0,0
152,7,300,8,160,145,1,1,0,0
152,8,638,5,141,102,1,1,0,0
153,2,117,221,430,153,1,1,0,0
153,7,288,8,179,145,1,1,0,0
153,8,622,4,162,110,1,1,0,0
154,2,131,228,426,147,1,1,0,0
154,7,297,5,160,150,1,1,0,0
154,8,627,7,160,114,1,1,0,0
155,2,135,216,430,178,1,1,0,0
155,7,281,4,176,160,1,1,0,0
155,8,623,1,169,114,1,1,0,0
156,2,147,218,413,164,1,1,0,0
156,7,280,6,172,159,1,1,0,0
156,8,629,3,155,129,1,1,0,0
157,2,170,222,400,173,1,1,0,0
157,7,288,5,160,157,1,1,0,0
157,8,628,4,144,130,1,1,0,0
158,2,181,225,391,176,1,1,0,0
158,7,290,3,149,165,1,1,0,0
158,8,633,1,152,136,1,1,0,0
159,2,183,228,390,181,1,1,0,0
159,7,284,2,154,165,1,1,0,0
159,8,623,4,155,140,1,1,0,0
160,2,194,232,383,172,1,1,0,0
160,7,273,2,161,167,1,1,0,0
160,8,625,2,163,150,1,1,0,0
161,2,204,211,386,195,1,1,0,0
161,7,283,0,169,167,1,1,0,0
161,8,634,6,155,156,1,1,0,0
162,2,212,221,383,196,1,1,0,0
162,7,259,3,192,163,1,1,0,0
162,8,620,5,180,161,1,1,0,0
163,2,215,211,385,220,1,1,0,0
163,7,252,4,185,167,1,1,0,0
163,8,607,4,198,172,1,1,0,0
164,2,231,212,373,211,1,1,0,0
164,7,253,5,192,167,1,1,0,0
164,8,624,2,180,174,1,1,0,0
165,2,241,205,368,230,1,1,0,0
165,7,253,1,190,174,1,1,0,0
165,8,614,2,188,190,1,1,0,0
166,2,260,199,352,243,1,1,0,0
166,7,254,1,181,168,1,1,0,0
166,8,617,4,176,199,1,1,0,0
167,2,261,189,363,257,1,1,0,0
167,7,276,17,180,169,1,1,0,0
167,8,628,4,149,202,1,1,0,0
168,2,264,181,371,283,1,1,0,0
168,7,255,5,169,158,1,1,0,0
168,8,619,4,155,205,1,1,0,0
169,2,282,177,342,280,1,1,0,0
169,7,262,2,162,157,1,1,0,0
169,8,624,1,150,236,1,1,0,0
170,2,294,182,334,285,1,1,0,0
170,7,255,5,175,154,1,1,0,0
170,8,619,3,154,229,1,1,0,0
170,9,684,439,129,101,1,1,0,0
171,2,304,175,328,302,1,1,0,0
171,7,263,1,160,170,1,1,0,0
171,8,630,1,141,242,1,1,0,0
171,9,688,422,120,113,1,1,0,0
172,2,302,173,321,312,1,1,0,0
172,7,261,1,162,165,1,1,0,0
172,8,625,5,143,244,1,1,0,0
172,9,683,422,144,118,1,1,0,0
173,2,302,184,321,311,1,1,0,0
173,7,253,4,156,165,1,1,0,0
173,8,620,5,133,256,1,1,0,0
173,9,683,408,150,131,1,1,0,0
174,2,305,188,320,323,1,1,0,0
174,7,260,4,152,172,1,1,0,0
174,8,604,6,161,263,1,1,0,0
174,9,674,392,171,145,1,1,0,0
175,2,322,195,303,324,1,1,0,0
175,7,262,5,155,162,1,1,0,0
175,8,613,8,147,265,1,1,0,0
175,9,674,386,164,149,1,1,0,0
176,2,334,202,287,332,1,1,0,0
176,7,268,3,155,165,1,1,0,0
176,8,612,5,146,288,1,1,0,0
176,9,680,386,165,147,1,1,0,0
177,2,347,199,273,332,1,1,0,0
177,7,265,2,157,146,1,1,0,0
177,8,605,7,156,282,1,1,0,0
177,9,679,372,163,166,1,1,0,0
178,2,353,193,267,339,1,1,0,0
178,7,265,4,157,144,1,1,0,0
178,8,613,9,141,290,1,1,0,0
178,9,688,366,151,171,1,1,0,0
179,2,372,193,257,341,1,1,0,0
179,7,268,5,163,157,1,1,0,0
179,8,597,5,155,302,1,1,0,0
179,9,687,352,145,182,1,1,0,0
180,2,388,191,243,343,1,1,0,0
180,7,270,6,167,142,1,1,0,0
180,8,597,10,154,312,1,1,0,0
180,9,694,342,150,192,1,1,0,0
180,10,777,68,174,151,1,1,0,0
181,2,407,192,228,342,1,1,0,0
181,7,275,4,173,160,1,1,0,0
181,8,591,7,160,312,1,1,0,0
181,9,703,344,149,187,1,1,0,0
182,2,419,194,220,341,1,1,0,0
182,7,290,4,161,152,1,1,0,0
182,8,595,8,152,325,1,1,0,0
182,9,703,338,150,196,1,1,0,0
183,2,424,182,214,357,1,1,0,0
183,7,280,6,182,146,1,1,0,0
183,8,590,6,160,332,1,1,0,0
183,9,701,335,153,198,1,1,0,0
183,10,775,67,176,214,1,1,0,0
184,2,438,185,196,350,1,1,0,0
184,7,278,8,173,146,1,1,0,0
184,8,583,4,161,340,1,1,0,0
184,9,695,331,159,207,1,1,0,0
184,10,767,52,181,231,1,1,0,0
185,2,456,201,180,331,1,1,0,0
185,7,294,4,154,150,1,1,0,0
185,8,602,3,137,353,1,1,0,0
185,9,698,325,156,208,1,1,0,0
185,10,761,56,181,236,1,1,0,0
185,11,844,148,105,157,1,1,0,0
186,2,468,199,163,336,1,1,0,0
186,7,297,4,156,158,1,1,0,0
186,8,573,9,164,350,1,1,0,0
186,9,693,324,151,211,1,1,0,0
186,11,839,142,111,156,1,1,0,0
187,2,468,205,163,329,1,1,0,0
187,7,290,2,152,161,1,1,0,0
187,8,572,3,180,363,1,1,0,0
187,9,681,319,162,217,1,1,0,0
187,11,837,143,108,136,1,1,0,0
188,2,475,212,159,327,1,1,0,0
188,7,283,2,160,173,1,1,0,0
188,8,564,6,193,371,1,1,0,0
188,9,683,314,160,222,1,1,0,0
188,11,830,134,114,134,1,1,0,0
189,2,465,207,170,326,1,1,0,0
189,7,297,4,151,161,1,1,0,0
189,8,550,13,201,361,1,1,0,0
189,9,680,297,163,240,1,1,0,0
189,11,824,132,127,142,1,1,0,0
190,2,463,222,170,311,1,1,0,0
190,7,285,5,165,152,1,1,0,0
190,8,557,34,202,341,1,1,0,0
190,9,672,290,161,248,1,1,0,0
190,11,817,122,128,160,1,1,0,0
191,2,469,228,171,307,1,1,0,0
191,7,300,5,149,149,1,1,0,0
191,8,542,19,200,358,1,1,0,0
191,9,660,286,170,250,1,1,0,0
191,11,812,117,137,172,1,1,0,0
192,2,484,241,137,291,1,1,0,0
192,7,277,6,183,148,1,1,0,0
192,8,520,35,199,342,1,1,0,0
192,9,661,269,163,267,1,1,0,0
192,11,803,121,142,172,1,1,0,0
193,2,493,242,102,293,1,1,0,0
193,7,284,4,181,152,1,1,0,0
193,8,500,46,222,329,1,1,0,0
193,9,662,257,153,277,1,1,0,0
193,11,794,113,151,196,1,1,0,0
194,7,291,5,169,150,1,1,0,0
194,8,500,61,220,327,1,1,0,0
194,9,662,259,157,278,1,1,0,0
194,11,789,115,156,200,1,1,0,0
195,7,280,3,200,152,1,1,0,0
195,8,489,78,233,323,1,1,0,0
195,9,662,239,159,294,1,1,0,0
195,11,781,111,168,175,1,1,0,0
196,7,279,3,180,154,1,1,0,0
196,8,484,102,236,312,1,1,0,0
196,9,659,241,150,294,1,1,0,0
196,11,772,117,175,200,1,1,0,0
197,7,268,5,191,158,1,1,0,0
197,8,463,117,260,294,1,1,0,0
197,9,658,231,162,309,1,1,0,0
197,11,765,123,184,168,1,1,0,0
198,7,270,6,191,146,1,1,0,0
198,8,457,123,290,302,1,1,0,0
198,9,662,225,158,311,1,1,0,0
198,11,759,128,190,158,1,1,0,0
199,7,270,5,189,157,1,1,0,0
199,8,439,145,319,301,1,1,0,0
199,9,664,207,143,333,1,1,0,0
199,11,762,143,183,151,1,1,0,0
200,2,417,267,277,188,1,1,0,0
200,7,271,3,190,160,1,1,0,0
200,9,673,205,128,329,1,1,0,0
200,11,759,154,186,122,1,1,0,0
201,2,421,273,262,198,1,1,0,0
201,7,263,6,206,159,1,1,0,0
201,9,665,199,130,332,1,1,0,0
201,11,750,145,195,158,1,1,0,0
202,2,412,266,276,213,1,1,0,0
202,7,283,18,207,175,1,1,0,0
202,9,674,196,120,329,1,1,0,0
202,11,744,155,203,141,1,1,0,0
203,2,399,244,273,250,1,1,0,0
203,7,261,16,209,160,1,1,0,0
203,9,665,189,142,346,1,1,0,0
203,11,740,153,205,142,1,1,0,0
204,2,398,268,279,235,1,1,0,0
204,7,254,5,220,161,1,1,0,0
204,9,663,181,147,353,1,1,0,0
204,11,737,161,207,153,1,1,0,0
205,2,392,278,282,245,1,1,0,0
205,7,252,6,223,168,1,1,0,0
205,9,652,187,142,345,1,1,0,0
205,11,730,159,217,146,1,1,0,0
206,2,388,267,281,266,1,1,0,0
206,7,241,3,241,168,1,1,0,0
206,9,647,182,148,349,1,1,0,0
206,11,721,164,226,141,1,1,0,0
207,2,380,274,280,264,1,1,0,0
207,7,239,4,245,164,1,1,0,0
207,9,634,172,166,361,1,1,0,0
207,11,718,141,227,177,1,1,0,0
208,2,373,268,294,270,1,1,0,0
208,7,231,5,252,168,1,1,0,0
208,9,632,164,169,372,1,1,0,0
208,11,713,163,234,152,1,1,0,0
209,2,368,265,292,273,1,1,0,0
209,7,222,8,266,154,1,1,0,0
209,9,614,162,183,366,1,1,0,0
209,11,714,166,234,129,1,1,0,0
210,2,357,272,297,262,1,1,0,0
210,7,209,5,276,169,1,1,0,0
210,9,610,149,197,372,1,1,0,0
210,11,712,176,232,128,1,1,0,0
211,2,361,256,299,276,1,1,0,0
211,7,209,5,286,172,1,1,0,0
211,9,609,146,203,369,1,1,0,0
211,11,718,152,222,147,1,1,0,0
212,2,352,272,287,257,1,1,0,0
212,7,187,11,308,162,1,1,0,0
212,9,607,135,208,367,1,1,0,0
212,11,717,165,226,143,1,1,0,0
213,2,342,277,306,261,1,1,0,0
213,7,190,17,308,157,1,1,0,0
213,9,595,128,228,358,1,1,0,0
213,11,704,171,245,153,1,1,0,0
214,2,340,308,309,223,1,1,0,0
214,7,200,17,305,147,1,1,0,0
214,9,595,116,237,362,1,1,0,0
214,11,719,172,228,152,1,1,0,0
215,2,333,334,304,200,1,1,0,0
215,7,215,6,294,160,1,1,0,0
215,9,584,119,254,347,1,1,0,0
215,11,712,176,238,152,1,1,0,0
216,2,343,353,276,182,1,1,0,0
216,7,232,4,285,164,1,1,0,0
216,9,579,98,264,363,1,1,0,0
216,11,718,182,229,156,1,1,0,0
217,2,355,369,248,165,1,1,0,0
217,7,240,2,285,167,1,1,0,0
217,9,575,106,272,345,1,1,0,0
217,11,713,177,220,156,1,1,0,0
218,2,362,356,231,165,1,1,0,0
218,7,238,7,296,162,1,1,0,0
218,9,563,95,304,340,1,1,0,0
218,11,711,181,232,155,1,1,0,0
219,2,352,356,224,180,1,1,0,0
219,7,224,4,317,170,1,1,0,0
219,9,558,93,296,332,1,1,0,0
219,11,703,169,231,164,1,1,0,0
220,7,219,12,332,157,1,1,0,0
220,9,549,93,300,324,1,1,0,0
220,11,699,168,229,157,1,1,0,0
221,7,209,5,353,161,1,1,0,0
221,9,537,84,310,322,1,1,0,0
221,11,695,171,237,150,1,1,0,0
222,7,202,4,365,155,1,1,0,0
222,9,519,91,322,311,1,1,0,0
222,11,701,177,216,132,1,1,0,0
223,7,202,8,378,143,1,1,0,0
223,9,508,96,317,302,1,1,0,0
223,11,696,172,218,149,1,1,0,0
224,7,191,4,399,134,1,1,0,0
224,9,491,97,327,306,1,1,0,0
224,11,690,176,233,137,1,1,0,0
225,7,203,7,399,157,1,1,0,0
225,9,470,94,331,291,1,1,0,0
225,11,693,178,211,140,1,1,0,0
226,7,218,11,396,140,1,1,0,0
226,9,462,94,330,283,1,1,0,0
226,11,694,172,205,146,1,1,0,0
227,7,220,12,396,133,1,1,0,0
227,9,460,101,333,264,1,1,0,0
227,11,702,174,212,151,1,1,0,0
228,7,239,5,390,146,1,1,0,0
228,9,437,111,340,252,1,1,0,0
228,11,729,177,168,149,1,1,0,0
229,7,251,9,389,142,1,1,0,0
229,9,430,108,354,247,1,1,0,0
229,11,728,165,177,169,1,1,0,0
230,7,267,26,395,120,1,1,0,0
230,9,412,113,367,221,1,1,0,0
230,11,725,181,177,146,1,1,0,0
231,7,263,3,399,134,1,1,0,0
231,9,405,119,377,199,1,1,0,0
231,11,717,168,172,159,1,1,0,0
232,7,270,6,410,112,1,1,0,0
232,9,394,117,390,181,1,1,0,0
232,11,729,173,172,153,1,1,0,0
233,7,294,5,386,112,1,1,0,0
233,9,388,112,368,165,1,1,0,0
233,11,730,166,161,151,1,1,0,0
234,7,300,4,389,119,1,1,0,0
234,9,378,119,380,152,1,1,0,0
234,11,743,169,141,158,1,1,0,0
235,7,316,6,390,118,1,1,0,0
235,9,368,101,386,168,1,1,0,0
235,11,738,171,144,132,1,1,0,0
236,7,327,12,387,112,1,1,0,0
236,9,371,108,386,152,1,1,0,0
236,11,737,169,155,136,1,1,0,0
237,7,347,8,383,130,1,1,0,0
237,9,342,119,417,144,1,1,0,0
237,11,741,161,141,140,1,1,0,0
238,7,359,5,398,128,1,1,0,0
238,9,341,117,404,137,1,1,0,0
238,11,740,151,137,146,1,1,0,0
239,7,374,7,381,118,1,1,0,0
239,9,324,114,416,140,1,1,0,0
239,11,753,165,127,126,1,1,0,0
240,7,369,4,405,115,1,1,0,0
240,9,332,116,411,133,1,1,0,0
240,11,761,182,112,113,1,1,0,0
241,7,393,9,389,110,1,1,0,0
241,9,320,118,425,140,1,1,0,0
241,11,737,157,131,138,1,1,0,0
242,7,407,8,393,103,1,1,0,0
242,9,319,114,411,145,1,1,0,0
242,11,714,145,174,187,1,1,0,0
243,7,419,6,391,103,1,1,0,0
243,9,313,122,405,145,1,1,0,0
243,11,733,157,132,166,1,1,0,0
244,7,427,3,404,105,1,1,0,0
244,9,305,116,399,158,1,1,0,0
244,11,731,159,134,142,1,1,0,0
245,7,438,8,405,97,1,1,0,0
245,9,313,113,381,180,1,1,0,0
245,11,719,154,139,158,1,1,0,0
246,7,455,4,397,93,1,1,0,0
246,9,317,106,360,186,1,1,0,0
246,11,711,152,141,171,1,1,0,0
247,7,461,6,410,97,1,1,0,0
247,9,310,105,353,198,1,1,0,0
247,11,724,146,129,161,1,1,0,0
248,7,482,4,403,103,1,1,0,0
248,9,324,102,317,221,1,1,0,0
248,11,734,164,121,137,1,1,0,0
249,7,491,3,400,99,1,1,0,0
249,9,325,91,298,229,1,1,0,0
249,11,735,155,124,159,1,1,0,0
250,7,509,5,392,100,1,1,0,0
250,9,315,82,306,247,1,1,0,0
250,11,720,149,152,174,1,1,0,0
251,7,518,2,400,103,1,1,0,0
251,9,303,60,297,268,1,1,0,0
251,11,718,139,136,178,1,1,0,0
252,7,525,6,397,95,1,1,0,0
252,9,308,49,286,288,1,1,0,0
252,11,709,137,155,185,1,1,0,0
253,7,542,6,375,96,1,1,0,0
253,9,305,33,272,313,1,1,0,0
253,11,708,135,163,181,1,1,0,0
254,7,558,5,374,93,1,1,0,0
254,9,305,23,257,323,1,1,0,0
254,11,705,136,163,173,1,1,0,0
255,7,568,5,380,84,1,1,0,0
255,9,312,16,232,336,1,1,0,0
255,11,703,132,168,169,1,1,0,0
256,7,573,8,368,97,1,1,0,0
256,9,309,14,226,343,1,1,0,0
256,11,719,137,135,169,1,1,0,0
257,7,599,4,324,81,1,1,0,0
257,9,300,17,220,344,1,1,0,0
257,11,712,133,139,173,1,1,0,0
258,7,613,3,325,89,1,1,0,0
258,9,309,6,214,353,1,1,0,0
258,11,718,128,145,184,1,1,0,0
259,9,308,12,191,353,1,1,0,0
259,11,729,123,120,185,1,1,0,0
260,7,621,2,327,73,1,1,0,0
260,9,304,10,181,363,1,1,0,0
260,11,695,121,170,200,1,1,0,0
261,9,299,6,183,372,1,1,0,0
261,11,694,107,173,219,1,1,0,0
262,9,305,9,162,375,1,1,0,0
262,11,699,95,168,231,1,1,0,0
263,9,308,9,164,373,1,1,0,0
263,11,708,109,161,235,1,1,0,0
264,9,300,12,155,382,1,1,0,0
264,12,842,119,105,176,1,1,0,0
264,13,860,9,91,122,1,1,0,0
265,9,308,15,134,368,1,1,0,0
265,11,707,136,140,211,1,1,0,0
265,12,837,102,114,217,1,1,0,0
265,13,841,22,111,126,1,1,0,0
266,9,307,22,148,363,1,1,0,0
266,11,691,143,162,206,1,1,0,0
267,9,298,27,157,366,1,1,0,0
267,11,688,139,167,192,1,1,0,0
267,12,829,127,118,189,1,1,0,0
268,9,301,24,157,364,1,1,0,0
268,11,695,135,165,232,1,1,0,0
269,9,309,22,138,376,1,1,0,0
269,13,851,3,100,165,1,1,0,0
270,9,310,33,131,360,1,1,0,0
270,11,690,140,153,216,1,1,0,0
271,9,307,38,154,358,1,1,0,0
271,11,699,160,156,205,1,1,0,0
271,13,850,1,99,187,1,1,0,0
272,9,303,29,143,366,1,1,0,0
272,11,695,146,154,243,1,1,0,0
272,13,861,3,87,214,1,1,0,0
273,9,297,37,151,374,1,1,0,0
273,11,696,133,159,256,1,1,0,0
273,13,832,2,113,202,1,1,0,0
274,9,296,37,157,359,1,1,0,0
274,11,693,148,161,237,1,1,0,0
274,13,837,6,111,209,1,1,0,0
275,9,302,39,149,363,1,1,0,0
275,11,702,131,159,263,1,1,0,0
275,13,834,6,115,218,1,1,0,0
276,9,300,48,150,360,1,1,0,0
276,11,698,118,157,286,1,1,0,0
276,13,840,8,102,220,1,1,0,0
277,9,302,45,148,366,1,1,0,0
277,11,700,124,161,282,1,1,0,0
277,13,849,3,95,244,1,1,0,0
278,9,290,50,167,366,1,1,0,0
278,11,679,108,191,310,1,1,0,0
278,13,848,0,102,247,1,1,0,0
279,9,296,50,185,365,1,1,0,0
279,11,678,109,209,325,1,1,0,0
279,13,839,5,108,242,1,1,0,0
280,9,295,46,192,385,1,1,0,0
280,11,687,115,197,319,1,1,0,0
280,13,853,6,96,256,1,1,0,0
281,9,293,55,191,357,1,1,0,0
281,11,676,108,201,342,1,1,0,0
281,13,850,4,97,251,1,1,0,0
282,9,305,56,163,357,1,1,0,0
282,11,677,143,224,328,1,1,0,0
282,13,852,2,98,256,1,1,0,0
283,9,299,63,178,358,1,1,0,0
283,11,670,123,230,339,1,1,0,0
283,13,823,10,103,263,1,1,0,0
284,9,308,58,170,370,1,1,0,0
284,11,681,124,208,350,1,1,0,0
284,13,857,9,87,256,1,1,0,0
285,9,291,59,198,372,1,1,0,0
285,11,691,123,193,384,1,1,0,0
285,13,851,6,97,270,1,1,0,0
285,14,808,116,127,312,1,1,0,0
286,9,298,65,189,362,1,1,0,0
286,11,687,130,188,361,1,1,0,0
286,13,869,7,83,275,1,1,0,0
286,14,809,126,134,322,1,1,0,0
287,9,268,55,209,361,1,1,0,0
287,11,699,128,175,380,1,1,0,0
287,13,858,3,89,278,1,1,0,0
288,9,275,63,220,361,1,1,0,0
288,11,698,131,179,375,1,1,0,0
288,13,864,5,83,273,1,1,0,0
288,14,803,112,139,361,1,1,0,0
289,9,263,68,222,357,1,1,0,0
289,11,704,130,176,397,1,1,0,0
289,13,852,4,98,272,1,1,0,0
289,14,805,117,138,357,1,1,0,0
290,9,271,68,212,356,1,1,0,0
290,11,707,132,165,390,1,1,0,0
290,13,839,2,110,256,1,1,0,0
290,14,798,46,144,449,1,1,0,0
291,9,272,69,212,373,1,1,0,0
291,11,707,136,167,395,1,1,0,0
291,13,840,7,110,266,1,1,0,0
291,14,784,85,157,406,1,1,0,0
292,9,266,70,214,368,1,1,0,0
292,11,719,132,154,395,1,1,0,0
292,13,838,5,114,276,1,1,0,0
292,14,782,59,170,437,1,1,0,0
293,9,265,68,226,368,1,1,0,0
293,11,712,137,178,403,1,1,0,0
293,13,821,4,128,268,1,1,0,0
293,14,791,52,152,464,1,1,0,0
294,9,258,73,242,368,1,1,0,0
294,11,697,145,186,393,1,1,0,0
294,13,801,2,149,264,1,1,0,0
294,14,779,51,172,463,1,1,0,0
295,9,252,72,236,371,1,1,0,0
295,11,719,152,162,379,1,1,0,0
295,14,792,61,160,475,1,1,0,0
296,9,250,83,232,351,1,1,0,0
296,11,709,154,174,386,1,1,0,0
296,13,819,2,130,270,1,1,0,0
296,14,781,61,160,472,1,1,0,0
297,9,235,87,254,346,1,1,0,0
297,11,708,155,172,384,1,1,0,0
297,13,831,5,120,258,1,1,0,0
297,14,781,71,170,463,1,1,0,0
298,9,235,96,247,339,1,1,0,0
298,11,715,173,166,362,1,1,0,0
298,13,831,3,118,273,1,1,0,0
298,14,764,83,178,453,1,1,0,0
299,9,250,92,250,355,1,1,0,0
299,11,717,174,173,355,1,1,0,0
299,13,829,7,121,249,1,1,0,0
299,14,767,91,177,444,1,1,0,0
300,9,265,91,227,346,1,1,0,0
300,11,718,157,165,376,1,1,0,0
300,13,860,25,90,282,1,1,0,0
300,14,785,102,156,436,1,1,0,0
301,9,264,77,238,366,1,1,0,0
301,11,722,208,161,331,1,1,0,0
301,13,828,21,124,264,1,1,0,0
301,14,761,124,183,409,1,1,0,0
302,9,271,74,242,378,1,1,0,0
302,11,714,213,170,327,1,1,0,0
302,13,818,46,130,233,1,1,0,0
302,14,755,115,195,421,1,1,0,0
303,9,274,73,248,393,1,1,0,0
303,11,719,216,159,321,1,1,0,0
303,13,807,52,142,222,1,1,0,0
303,14,749,144,202,396,1,1,0,0
304,9,282,69,231,403,1,1,0,0
305,9,283,79,239,373,1,1,0,0
305,14,753,138,190,310,1,1,0,0
306,9,284,77,248,390,1,1,0,0
306,14,760,152,163,271,1,1,0,0
307,9,280,84,254,393,1,1,0,0
307,14,772,169,180,296,1,1,0,0
308,9,282,92,247,379,1,1,0,0
308,14,773,149,170,289,1,1,0,0
309,9,272,92,280,377,1,1,0,0
310,9,280,96,255,390,1,1,0,0
311,9,290,97,248,392,1,1,0,0
311,11,821,203,131,336,1,1,0,0
312,9,285,102,266,383,1,1,0,0
312,11,810,204,132,290,1,1,0,0
313,9,286,118,269,381,1,1,0,0
314,9,283,115,272,378,1,1,0,0
315,9,285,112,267,381,1,1,0,0
315,11,807,225,134,302,1,1,0,0
316,9,277,109,290,397,1,1,0,0
316,11,799,267,140,249,1,1,0,0
317,9,283,124,280,379,1,1,0,0
318,9,277,116,300,405,1,1,0,0
319,9,274,122,301,391,1,1,0,0
320,9,290,134,288,380,1,1,0,0
320,11,845,287,104,248,1,1,0,0
321,9,294,144,286,369,1,1,0,0
322,9,295,139,282,374,1,1,0,0
323,9,295,145,290,374,1,1,0,0
324,9,291,146,294,378,1,1,0,0
325,9,302,147,299,378,1,1,0,0
326,9,305,156,297,376,1,1,0,0
327,9,305,154,293,375,1,1,0,0
328,9,318,165,280,363,1,1,0,0
329,9,319,164,294,364,1,1,0,0
330,9,329,164,279,370,1,1,0,0
331,9,332,175,278,359,1,1,0,0
332,9,332,174,281,362,1,1,0,0
333,9,341,179,274,357,1,1,0,0
334,9,337,184,290,355,1,1,0,0
335,9,351,182,290,349,1,1,0,0
336,9,362,193,288,339,1,1,0,0
337,9,378,193,275,339,1,1,0,0
338,9,379,195,295,339,1,1,0,0
339,9,372,207,310,326,1,1,0,0
340,9,368,211,320,318,1,1,0,0
341,9,362,224,336,310,1,1,0,0
342,9,355,229,346,295,1,1,0,0
343,9,339,251,359,282,1,1,0,0
344,9,333,253,382,281,1,1,0,0
345,9,315,260,400,270,1,1,0,0
346,9,305,272,427,260,1,1,0,0
347,9,304,289,430,246,1,1,0,0
348,9,304,299,429,217,1,1,0,0
349,9,298,314,438,202,1,1,0,0
350,9,301,326,439,187,1,1,0,0
351,9,302,327,450,186,1,1,0,0
352,9,309,335,443,173,1,1,0,0
353,9,309,344,469,179,1,1,0,0
354,9,313,349,451,178,1,1,0,0
355,9,329,361,436,150,1,1,0,0
356,9,323,364,444,151,1,1,0,0
357,9,345,349,437,156,1,1,0,0
358,9,340,336,470,186,1,1,0,0
359,9,352,337,442,185,1,1,0,0
360,9,361,336,433,171,1,1,0,0
361,9,363,338,432,165,1,1,0,0
362,9,373,343,437,166,1,1,0,0
363,9,377,354,446,163,1,1,0,0
364,9,380,361,444,152,1,1,0,0
365,9,369,359,461,157,1,1,0,0
366,9,370,369,459,144,1,1,0,0
367,9,378,376,470,132,1,1,0,0
368,9,397,355,430,152,1,1,0,0
369,9,424,345,407,160,1,1,0,0
370,9,445,317,404,187,1,1,0,0
371,9,451,317,380,190,1,1,0,0
372,9,451,301,377,202,1,1,0,0
373,9,458,303,379,220,1,1,0,0
374,9,472,289,365,210,1,1,0,0
375,9,462,283,383,226,1,1,0,0
376,9,471,275,363,238,1,1,0,0
377,9,486,265,356,241,1,1,0,0
378,9,492,262,363,243,1,1,0,0
379,9,500,253,355,263,1,1,0,0
380,9,518,243,340,282,1,1,0,0
381,9,524,241,333,284,1,1,0,0
382,9,529,233,338,301,1,1,0,0
383,9,549,228,313,312,1,1,0,0
384,9,558,214,311,322,1,1,0,0
385,9,564,213,306,319,1,1,0,0
386,9,573,211,299,323,1,1,0,0
387,9,592,207,281,324,1,1,0,0
388,9,600,202,272,325,1,1,0,0
388,15,883,188,69,167,1,1,0,0
389,9,587,189,270,318,1,1,0,0
389,15,863,174,88,203,1,1,0,0
390,9,599,159,271,343,1,1,0,0
390,15,852,165,100,226,1,1,0,0
391,9,601,153,274,335,1,1,0,0
391,15,834,152,118,217,1,1,0,0
392,9,614,133,247,344,1,1,0,0
392,15,827,128,125,238,1,1,0,0
393,9,613,129,249,335,1,1,0,0
393,15,815,111,135,226,1,1,0,0
394,9,637,124,212,332,1,1,0,0
394,15,808,98,143,263,1,1,0,0
395,9,669,114,179,353,1,1,0,0
395,15,802,71,150,268,1,1,0,0
396,9,669,114,176,353,1,1,0,0
396,15,798,64,154,284,1,1,0,0
397,9,678,103,156,361,1,1,0,0
397,15,792,55,158,293,1,1,0,0
397,16,751,467,89,69,1,1,0,0
398,9,693,96,140,368,1,1,0,0
398,15,778,38,174,317,1,1,0,0
398,16,741,459,97,79,1,1,0,0
399,9,682,92,141,360,1,1,0,0
399,15,767,17,185,341,1,1,0,0
399,16,744,457,91,79,1,1,0,0
399,17,891,72,61,170,1,1,0,0
400,9,675,86,155,350,1,1,0,0
400,15,751,12,196,340,1,1,0,0
400,16,745,447,95,87,1,1,0,0
400,17,894,69,58,184,1,1,0,0
401,9,673,78,159,352,1,1,0,0
401,15,743,6,181,340,1,1,0,0
401,16,723,434,116,103,1,1,0,0
401,17,883,62,67,166,1,1,0,0
402,9,655,83,179,344,1,1,0,0
402,15,728,6,190,336,1,1,0,0
402,16,718,422,121,113,1,1,0,0
402,17,885,56,67,190,1,1,0,0
403,9,645,71,189,350,1,1,0,0
403,15,721,4,163,314,1,1,0,0
403,16,714,414,120,121,1,1,0,0
403,17,871,56,81,199,1,1,0,0
404,9,632,76,202,338,1,1,0,0
404,15,722,5,173,281,1,1,0,0
404,16,714,411,115,125,1,1,0,0
404,17,870,46,82,191,1,1,0,0
405,9,620,72,220,336,1,1,0,0
405,15,720,4,191,270,1,1,0,0
405,16,705,398,125,136,1,1,0,0
405,17,865,38,86,199,1,1,0,0
406,9,607,71,245,325,1,1,0,0
406,15,708,2,181,256,1,1,0,0
406,16,711,387,111,147,1,1,0,0
406,17,855,37,89,215,1,1,0,0
407,9,604,65,236,311,1,1,0,0
407,16,703,377,151,156,1,1,0,0
407,17,871,35,81,205,1,1,0,0
408,9,590,58,258,309,1,1,0,0
408,16,702,366,133,169,1,1,0,0
408,17,857,11,94,224,1,1,0,0
409,9,585,55,267,292,1,1,0,0
409,16,697,353,132,179,1,1,0,0
409,17,824,27,127,198,1,1,0,0
410,9,578,52,274,293,1,1,0,0
410,16,699,337,114,199,1,1,0,0
410,17,834,34,116,187,1,1,0,0
411,9,567,48,290,265,1,1,0,0
411,16,704,325,100,209,1,1,0,0
411,17,833,25,119,184,1,1,0,0
412,9,559,42,299,280,1,1,0,0
412,16,699,312,119,221,1,1,0,0
412,17,817,28,133,173,1,1,0,0
413,9,550,37,323,265,1,1,0,0
413,16,701,311,108,222,1,1,0,0
413,17,792,18,155,184,1,1,0,0
414,9,542,23,327,266,1,1,0,0
414,16,688,299,113,230,1,1,0,0
414,17,784,21,161,185,1,1,0,0
415,9,541,15,327,250,1,1,0,0
415,16,685,288,122,243,1,1,0,0
415,17,759,24,189,154,1,1,0,0
416,9,538,7,325,242,1,1,0,0
416,16,678,275,125,258,1,1,0,0
416,17,751,23,200,173,1,1,0,0
417,9,533,2,323,226,1,1,0,0
417,16,680,268,127,265,1,1,0,0
417,17,742,17,208,166,1,1,0,0
418,9,548,6,316,214,1,1,0,0
418,16,672,249,133,283,1,1,0,0
418,17,740,31,208,145,1,1,0,0
419,9,535,3,298,216,1,1,0,0
419,16,671,249,131,280,1,1,0,0
419,17,717,23,232,154,1,1,0,0
419,18,348,439,95,98,1,1,0,0
420,9,530,7,293,196,1,1,0,0
420,16,672,243,125,290,1,1,0,0
420,17,710,16,237,149,1,1,0,0
420,18,353,428,90,105,1,1,0,0
421,9,534,3,283,211,1,1,0,0
421,16,667,227,134,302,1,1,0,0
421,17,697,14,252,151,1,1,0,0
421,18,335,414,112,122,1,1,0,0
422,9,531,4,258,221,1,1,0,0
422,16,670,216,144,315,1,1,0,0
422,17,688,18,264,129,1,1,0,0
422,18,343,412,121,121,1,1,0,0
423,9,527,4,247,205,1,1,0,0
423,16,671,207,144,321,1,1,0,0
423,17,675,18,270,138,1,1,0,0
423,18,315,397,142,137,1,1,0,0
424,9,521,4,227,215,1,1,0,0
424,16,674,191,143,336,1,1,0,0
424,17,668,11,277,144,1,1,0,0
424,18,335,381,119,151,1,1,0,0
425,9,504,6,189,203,1,1,0,0
425,16,669,177,158,358,1,1,0,0
425,17,653,11,298,151,1,1,0,0
425,18,330,378,136,157,1,1,0,0
426,9,505,5,187,210,1,1,0,0
426,16,665,167,165,362,1,1,0,0
426,17,639,5,308,143,1,1,0,0
426,18,337,374,130,154,1,1,0,0
427,16,661,168,169,338,1,1,0,0
427,17,640,4,308,141,1,1,0,0
427,18,332,362,143,170,1,1,0,0
428,9,492,6,189,219,1,1,0,0
428,16,654,165,171,317,1,1,0,0
428,17,634,3,307,163,1,1,0,0
428,18,328,357,146,176,1,1,0,0
429,9,502,5,161,220,1,1,0,0
429,16,649,162,178,311,1,1,0,0
429,17,619,5,323,147,1,1,0,0
429,18,330,359,159,173,1,1,0,0
430,16,664,159,149,303,1,1,0,0
430,17,612,3,337,165,1,1,0,0
430,18,322,362,166,170,1,1,0,0
431,16,661,155,158,306,1,1,0,0
431,17,601,8,344,157,1,1,0,0
431,18,332,356,172,171,1,1,0,0
432,16,658,145,167,316,1,1,0,0
432,17,591,4,357,161,1,1,0,0
432,18,321,355,188,182,1,1,0,0
433,16,664,145,173,304,1,1,0,0
433,17,589,7,354,144,1,1,0,0
433,18,323,354,196,181,1,1,0,0
434,16,667,139,181,304,1,1,0,0
434,17,574,11,367,184,1,1,0,0
434,18,332,351,202,178,1,1,0,0
435,16,654,135,199,289,1,1,0,0
435,17,574,15,354,157,1,1,0,0
435,18,331,352,210,184,1,1,0,0
436,16,643,132,219,284,1,1,0,0
436,17,553,17,370,155,1,1,0,0
436,18,320,348,229,186,1,1,0,0
437,16,644,122,225,284,1,1,0,0
437,17,545,6,372,160,1,1,0,0
437,18,315,349,240,184,1,1,0,0
438,16,637,112,243,289,1,1,0,0
438,17,524,7,374,180,1,1,0,0
438,18,310,346,249,187,1,1,0,0
439,16,638,112,247,262,1,1,0,0
439,17,518,8,371,181,1,1,0,0
439,18,313,348,254,184,1,1,0,0
440,16,634,102,257,265,1,1,0,0
440,17,511,4,369,178,1,1,0,0
440,18,312,332,266,202,1,1,0,0
441,16,630,93,274,263,1,1,0,0
441,17,498,4,383,188,1,1,0,0
441,18,307,331,274,201,1,1,0,0
442,16,620,88,292,255,1,1,0,0
442,17,497,0,354,188,1,1,0,0
442,18,298,325,292,206,1,1,0,0
443,16,625,81,287,258,1,1,0,0
443,17,489,0,354,199,1,1,0,0
443,18,298,328,299,206,1,1,0,0
444,16,621,75,302,251,1,1,0,0
444,17,483,3,342,197,1,1,0,0
444,18,302,339,297,189,1,1,0,0
445,16,633,76,298,230,1,1,0,0
445,17,480,5,332,197,1,1,0,0
445,18,303,323,306,205,1,1,0,0
446,16,641,61,297,242,1,1,0,0
446,19,852,428,99,107,1,1,0,0
447,16,640,56,308,232,1,1,0,0
447,17,460,2,351,207,1,1,0,0
447,18,288,325,329,212,1,1,0,0
447,19,847,426,101,109,1,1,0,0
448,16,647,53,297,251,1,1,0,0
448,17,460,3,338,212,1,1,0,0
448,18,302,328,321,197,1,1,0,0
448,19,847,431,102,103,1,1,0,0
449,16,648,57,301,236,1,1,0,0
449,17,463,6,322,204,1,1,0,0
449,18,274,331,354,195,1,1,0,0
449,19,838,422,112,112,1,1,0,0
450,16,657,55,290,233,1,1,0,0
450,17,452,10,324,210,1,1,0,0
450,18,232,318,399,215,1,1,0,0
450,19,828,429,123,107,1,1,0,0
451,16,655,42,290,243,1,1,0,0
451,17,458,6,326,222,1,1,0,0
451,18,241,318,391,209,1,1,0,0
451,19,817,425,135,110,1,1,0,0
452,16,690,36,257,251,1,1,0,0
452,17,441,6,338,222,1,1,0,0
452,18,239,313,404,211,1,1,0,0
452,19,810,418,138,116,1,1,0,0
453,16,694,33,252,238,1,1,0,0
453,17,442,5,341,223,1,1,0,0
453,18,240,301,403,212,1,1,0,0
453,19,803,408,145,127,1,1,0,0
453,20,851,226,100,118,1,1,0,0
454,16,691,32,254,233,1,1,0,0
454,17,437,5,331,230,1,1,0,0
454,18,249,300,410,206,1,1,0,0
454,19,804,414,151,122,1,1,0,0
455,16,689,21,258,238,1,1,0,0
455,17,432,5,326,236,1,1,0,0
455,19,792,406,160,130,1,1,0,0
455,20,839,223,113,115,1,1,0,0
456,16,710,22,236,241,1,1,0,0
456,17,433,5,315,224,1,1,0,0
456,18,261,287,402,227,1,1,0,0
456,19,783,404,161,131,1,1,0,0
456,20,834,228,114,121,1,1,0,0
457,16,708,25,241,230,1,1,0,0
457,17,429,3,306,221,1,1,0,0
457,18,240,260,389,229,1,1,0,0
457,19,778,399,170,130,1,1,0,0
457,20,833,196,114,158,1,1,0,0
458,16,704,22,245,227,1,1,0,0
458,17,430,8,301,215,1,1,0,0
458,18,284,271,388,251,1,1,0,0
458,19,773,392,174,140,1,1,0,0
459,16,725,21,227,221,1,1,0,0
459,17,426,3,294,223,1,1,0,0
459,18,309,273,373,236,1,1,0,0
459,19,762,387,187,148,1,1,0,0
460,17,425,4,294,228,1,1,0,0
460,18,307,268,371,263,1,1,0,0
460,19,752,383,198,150,1,1,0,0
460,20,807,211,142,130,1,1,0,0
461,17,423,9,289,220,1,1,0,0
461,18,312,267,377,262,1,1,0,0
461,19,743,375,206,161,1,1,0,0
461,20,792,212,154,121,1,1,0,0
462,16,760,15,188,204,1,1,0,0
462,17,425,4,277,222,1,1,0,0
462,19,735,375,210,157,1,1,0,0
462,20,780,208,166,129,1,1,0,0
463,16,773,19,176,192,1,1,0,0
463,17,422,9,275,218,1,1,0,0
463,18,344,252,358,285,1,1,0,0
463,19,723,367,225,169,1,1,0,0
463,20,781,201,168,131,1,1,0,0
464,16,777,26,171,177,1,1,0,0
464,17,412,6,285,220,1,1,0,0
464,18,395,248,311,284,1,1,0,0
464,19,725,355,223,181,1,1,0,0
464,20,767,193,183,144,1,1,0,0
465,17,405,12,279,219,1,1,0,0
465,18,420,247,297,284,1,1,0,0
465,19,709,359,242,177,1,1,0,0
465,20,758,188,191,147,1,1,0,0
465,21,734,78,166,159,1,1,0,0
466,16,791,32,160,162,1,1,0,0
466,17,401,8,285,223,1,1,0,0
466,19,707,363,241,174,1,1,0,0
466,20,750,183,198,143,1,1,0,0
467,16,781,33,169,148,1,1,0,0
467,17,395,6,283,230,1,1,0,0
467,18,419,235,308,291,1,1,0,0
467,19,695,364,253,168,1,1,0,0
467,20,745,189,207,146,1,1,0,0
468,16,782,36,168,140,1,1,0,0
468,17,392,9,273,226,1,1,0,0
468,18,443,231,288,290,1,1,0,0
468,19,682,363,264,169,1,1,0,0
469,17,382,11,282,228,1,1,0,0
469,18,431,222,299,309,1,1,0,0
469,19,678,363,267,171,1,1,0,0
469,20,733,167,215,160,1,1,0,0
470,17,388,11,279,232,1,1,0,0
470,18,420,217,316,309,1,1,0,0
470,19,664,358,284,175,1,1,0,0
470,20,727,156,224,160,1,1,0,0
471,17,383,14,277,233,1,1,0,0
471,18,419,205,315,332,1,1,0,0
471,19,659,355,288,181,1,1,0,0
471,20,718,158,230,168,1,1,0,0
472,17,381,19,273,229,1,1,0,0
472,18,423,192,308,329,1,1,0,0
472,19,642,358,305,175,1,1,0,0
472,20,727,148,222,173,1,1,0,0
473,17,374,21,273,230,1,1,0,0
473,18,413,176,326,332,1,1,0,0
473,19,642,357,298,171,1,1,0,0
473,20,715,139,235,185,1,1,0,0
474,17,380,22,254,226,1,1,0,0
474,18,409,168,322,318,1,1,0,0
474,19,628,347,321,188,1,1,0,0
474,20,715,124,235,200,1,1,0,0
475,17,387,17,242,242,1,1,0,0
475,18,428,158,310,327,1,1,0,0
475,19,621,357,318,175,1,1,0,0
475,20,660,137,240,216,1,1,0,0
476,17,388,18,232,249,1,1,0,0
476,18,431,153,311,316,1,1,0,0
476,19,607,356,326,181,1,1,0,0
476,20,702,108,246,222,1,1,0,0
477,17,403,13,208,251,1,1,0,0
477,18,449,136,291,343,1,1,0,0
477,19,601,346,330,185,1,1,0,0
477,20,700,102,245,223,1,1,0,0
478,17,398,13,199,262,1,1,0,0
478,18,487,137,263,327,1,1,0,0
478,19,596,355,341,171,1,1,0,0
478,20,691,87,255,248,1,1,0,0
479,17,399,12,190,279,1,1,0,0
479,18,482,124,270,361,1,1,0,0
479,19,582,355,359,172,1,1,0,0
479,20,698,85,246,253,1,1,0,0
480,17,394,19,181,267,1,1,0,0
480,18,499,128,257,354,1,1,0,0
480,19,570,361,364,164,1,1,0,0
480,20,697,87,244,259,1,1,0,0
481,17,384,26,193,252,1,1,0,0
481,18,505,111,256,372,1,1,0,0
481,19,571,361,368,172,1,1,0,0
481,20,698,78,253,279,1,1,0,0
482,17,378,12,194,259,1,1,0,0
482,18,535,105,231,379,1,1,0,0
482,19,564,365,355,157,1,1,0,0
482,20,702,62,247,315,1,1,0,0
483,17,395,10,158,270,1,1,0,0
483,18,550,86,215,408,1,1,0,0
483,19,539,374,391,128,1,1,0,0
483,20,697,47,251,318,1,1,0,0
484,17,389,11,161,263,1,1,0,0
484,18,570,83,210,396,1,1,0,0
484,19,529,368,404,137,1,1,0,0
484,20,712,47,237,324,1,1,0,0
485,17,385,7,163,274,1,1,0,0
485,18,595,69,199,408,1,1,0,0
485,19,528,372,407,129,1,1,0,0
485,20,714,43,233,304,1,1,0,0
486,17,388,9,160,282,1,1,0,0
486,18,607,75,208,358,1,1,0,0
486,19,504,361,427,131,1,1,0,0
486,20,717,36,232,311,1,1,0,0
487,17,400,9,151,280,1,1,0,0
487,18,604,78,208,308,1,1,0,0
487,19,499,348,413,144,1,1,0,0
487,20,713,31,234,310,1,1,0,0
488,17,400,7,157,272,1,1,0,0
488,18,595,66,228,317,1,1,0,0
488,19,487,339,395,154,1,1,0,0
488,20,713,14,215,319,1,1,0,0
489,17,405,13,145,256,1,1,0,0
489,18,601,65,232,324,1,1,0,0
489,19,484,327,406,167,1,1,0,0
489,20,695,8,220,333,1,1,0,0
490,17,401,18,155,257,1,1,0,0
490,18,583,79,249,314,1,1,0,0
490,19,473,335,380,157,1,1,0,0
490,20,679,12,223,339,1,1,0,0
491,17,405,6,140,266,1,1,0,0
491,18,587,71,257,287,1,1,0,0
491,19,463,326,378,162,1,1,0,0
491,20,690,7,179,344,1,1,0,0
492,17,399,12,152,259,1,1,0,0
492,18,591,71,270,296,1,1,0,0
492,19,451,316,384,179,1,1,0,0
492,20,691,9,165,327,1,1,0,0
493,17,399,9,168,265,1,1,0,0
493,18,582,61,281,295,1,1,0,0
493,19,447,311,374,174,1,1,0,0
493,20,700,5,133,351,1,1,0,0
494,17,400,16,169,257,1,1,0,0
494,18,556,77,305,276,1,1,0,0
494,19,437,306,380,169,1,1,0,0
494,20,688,1,136,357,1,1,0,0
495,17,407,13,155,261,1,1,0,0
495,18,541,47,337,286,1,1,0,0
495,19,421,297,378,191,1,1,0,0
495,20,697,0,108,337,1,1,0,0
496,17,408,15,177,258,1,1,0,0
496,18,539,55,355,280,1,1,0,0
496,19,407,292,368,217,1,1,0,0
496,20,697,0,107,319,1,1,0,0
497,17,387,11,197,266,1,1,0,0
497,18,527,54,366,280,1,1,0,0
497,19,401,283,356,222,1,1,0,0
498,17,397,6,188,270,1,1,0,0
498,18,518,53,389,290,1,1,0,0
498,19,388,278,365,235,1,1,0,0
499,17,390,16,190,260,1,1,0,0
499,18,555,76,360,215,1,1,0,0
499,19,383,273,347,234,1,1,0,0
500,17,390,18,197,254,1,1,0,0
500,18,587,76,331,183,1,1,0,0
500,19,368,262,356,247,1,1,0,0
501,17,388,9,204,257,1,1,0,0
501,18,565,62,359,213,1,1,0,0
501,19,348,249,345,259,1,1,0,0
502,17,384,17,220,255,1,1,0,0
502,18,585,54,347,208,1,1,0,0
502,19,352,245,330,256,1,1,0,0
503,17,387,19,222,249,1,1,0,0
503,18,591,53,344,248,1,1,0,0
503,19,339,237,343,270,1,1,0,0
504,17,380,19,237,246,1,1,0,0
504,18,577,51,367,205,1,1,0,0
504,19,330,236,332,265,1,1,0,0
505,17,369,26,244,242,1,1,0,0
505,18,596,63,346,201,1,1,0,0
505,19,315,227,320,264,1,1,0,0
506,17,364,36,260,240,1,1,0,0
506,18,584,62,359,194,1,1,0,0
506,19,314,215,335,270,1,1,0,0
507,17,355,46,282,245,1,1,0,0
507,18,582,66,366,181,1,1,0,0
507,19,304,212,331,260,1,1,0,0
508,17,342,57,297,220,1,1,0,0
508,18,609,48,339,164,1,1,0,0
508,19,298,204,321,253,1,1,0,0
509,17,339,58,314,217,1,1,0,0
509,18,598,50,348,174,1,1,0,0
509,19,291,193,324,274,1,1,0,0
510,17,327,68,324,195,1,1,0,0
510,18,583,56,369,156,1,1,0,0
510,19,278,186,325,258,1,1,0,0
511,17,317,89,342,183,1,1,0,0
511,18,571,53,380,194,1,1,0,0
511,19,281,176,320,251,1,1,0,0
512,17,317,95,347,174,1,1,0,0
512,18,582,43,367,193,1,1,0,0
512,19,272,164,305,277,1,1,0,0
513,17,303,102,379,156,1,1,0,0
513,18,580,51,372,168,1,1,0,0
513,19,269,156,301,269,1,1,0,0
514,17,352,113,336,143,1,1,0,0
514,18,632,25,320,196,1,1,0,0
514,19,280,137,287,245,1,1,0,0
515,17,377,109,321,149,1,1,0,0
515,18,615,33,333,184,1,1,0,0
515,19,285,117,305,281,1,1,0,0
516,17,353,103,352,143,1,1,0,0
516,18,641,24,300,205,1,1,0,0
516,19,282,107,262,256,1,1,0,0
517,17,381,103,337,153,1,1,0,0
517,18,634,31,317,200,1,1,0,0
517,19,284,99,249,254,1,1,0,0
518,17,373,112,348,150,1,1,0,0
518,18,665,22,287,222,1,1,0,0
518,19,278,89,233,273,1,1,0,0
519,17,365,113,358,145,1,1,0,0
519,18,687,25,263,257,1,1,0,0
519,19,283,83,218,292,1,1,0,0
520,17,363,127,369,132,1,1,0,0
520,18,672,41,278,223,1,1,0,0
520,19,269,71,201,313,1,1,0,0
521,17,355,123,390,142,1,1,0,0
521,18,683,29,267,209,1,1,0,0
521,19,260,62,198,325,1,1,0,0
522,17,372,126,378,146,1,1,0,0
522,18,697,43,253,226,1,1,0,0
522,19,261,55,180,344,1,1,0,0
523,17,381,135,371,136,1,1,0,0
523,18,694,15,256,233,1,1,0,0
523,19,261,36,156,353,1,1,0,0
524,17,387,123,380,153,1,1,0,0
524,18,716,18,232,216,1,1,0,0
524,19,253,28,148,355,1,1,0,0
525,17,391,123,384,166,1,1,0,0
525,18,703,13,247,254,1,1,0,0
525,19,245,24,152,354,1,1,0,0
526,17,394,122,397,169,1,1,0,0
526,18,718,21,234,241,1,1,0,0
526,19,252,16,128,350,1,1,0,0
527,17,405,102,394,200,1,1,0,0
527,19,245,6,138,346,1,1,0,0
528,17,428,105,379,212,1,1,0,0
528,18,732,22,216,261,1,1,0,0
528,19,241,3,150,339,1,1,0,0
529,17,439,113,370,196,1,1,0,0
529,18,762,17,186,256,1,1,0,0
529,19,245,6,160,320,1,1,0,0
530,17,435,114,370,205,1,1,0,0
530,18,754,28,193,257,1,1,0,0
530,19,234,3,164,309,1,1,0,0
531,17,458,143,354,195,1,1,0,0
531,19,239,4,165,285,1,1,0,0
532,17,469,144,352,203,1,1,0,0
532,19,238,6,162,277,1,1,0,0
533,17,490,143,324,219,1,1,0,0
533,18,777,42,171,271,1,1,0,0
533,19,245,4,178,302,1,1,0,0
534,17,507,143,305,239,1,1,0,0
534,19,241,4,142,250,1,1,0,0
535,17,524,135,294,260,1,1,0,0
535,19,249,7,114,241,1,1,0,0
536,17,519,139,300,264,1,1,0,0
536,19,242,4,145,252,1,1,0,0
